-- Gildan Brands 导入(暂存 is_published=false)
-- supplier='Gildan Brands';brand 分三家;calculator 印刷;Classic·Colour 价;大码 size_pricing
begin;
-- 若下列列不存在,先手动 ALTER(和 AS 导入相同,已建过可忽略):
-- gender / decoration_required / decoration_model / size_pricing / print_methods / meta_title
delete from public.products where supplier='Gildan Brands';
insert into public.products (id,supplier,supplier_name,supplier_sku,supplier_code,name,slug,category,gender,brand,description,short_desc,seo_description,meta_description,meta_title,min_qty,setup_fee,shipping,margin,status,is_published,decoration_required,decoration_model,colours,specs,features,size_chart,size_pricing,material_tags,print_methods,is_eco,fulfillment) values ('a92ee5a8-ff22-41b0-9da6-d34651b1d696','Gildan Brands','American Apparel','102','102','American Apparel® 102 Boxy Cropped T-Shirt','american-apparel-102-boxy-cropped-t-shirt-102','T-Shirts','Unisex','American Apparel','Cropped, boxy-fit women''s tee in soft combed ring-spun cotton, designed for a relaxed everyday cropped silhouette.','Cropped, boxy-fit women''s tee in soft combed ring-spun cotton, designed for a relaxed everyday cropped silhouette.','Print your logo on the American Apparel® 102 Boxy Cropped T-Shirt — 153 GSM. Screen Print/DTG/DTF/Embroidery from 20.','Custom printed American Apparel® 102 Boxy Cropped T-Shirt by American Apparel. 100% Combed Ring Spun Cotton. Screen Print/DTG/DTF/Embroidery, min 20. Fast Australia-wide.','Custom Printed American Apparel® 102 Boxy Cropped T-Shirt | American Apparel',20,0,30,1.4,'active',false,true,'calculator','[{"name": "Arctic", "hex": "#6B8F9C", "image": "https://pub-fbec7c9199f04af8ab95a413a4620d37.r2.dev/suppliers/gildan/products/_variants/w400/102/102-arctic-front.webp"}, {"name": "Asphalt", "hex": "#53565A", "image": "https://pub-fbec7c9199f04af8ab95a413a4620d37.r2.dev/suppliers/gildan/products/_variants/w400/102/102-asphalt-front.webp"}, {"name": "Black", "hex": "#101820", "image": "https://pub-fbec7c9199f04af8ab95a413a4620d37.r2.dev/suppliers/gildan/products/_variants/w400/102/102-black-front.webp"}, {"name": "Blush", "hex": "#CCA1A6", "image": "https://pub-fbec7c9199f04af8ab95a413a4620d37.r2.dev/suppliers/gildan/products/_variants/w400/102/102-blush-front.webp"}, {"name": "Burgundy", "hex": "#6F263D", "image": "https://pub-fbec7c9199f04af8ab95a413a4620d37.r2.dev/suppliers/gildan/products/_variants/w400/102/102-burgundy-front.webp"}, {"name": "Canyon", "hex": "#B66C6D", "image": "https://pub-fbec7c9199f04af8ab95a413a4620d37.r2.dev/suppliers/gildan/products/_variants/w400/102/102-canyon-front.webp"}, {"name": "Cream", "hex": "#EFDBB2", "image": "https://pub-fbec7c9199f04af8ab95a413a4620d37.r2.dev/suppliers/gildan/products/_variants/w400/102/102-cream-front.webp"}, {"name": "Heather Grey", "hex": "#97999B", "image": "https://pub-fbec7c9199f04af8ab95a413a4620d37.r2.dev/suppliers/gildan/products/_variants/w400/102/102-heathergrey-front.webp"}, {"name": "Lapis", "hex": "#151F6D", "image": "https://pub-fbec7c9199f04af8ab95a413a4620d37.r2.dev/suppliers/gildan/products/_variants/w400/102/102-lapis-front.webp"}, {"name": "Lieutenant", "hex": "#65665C", "image": "https://pub-fbec7c9199f04af8ab95a413a4620d37.r2.dev/suppliers/gildan/products/_variants/w400/102/102-lieutenant-front.webp"}, {"name": "Sea Blue", "hex": "#315470", "image": "https://pub-fbec7c9199f04af8ab95a413a4620d37.r2.dev/suppliers/gildan/products/_variants/w400/102/102-seablue-front.webp"}, {"name": "Super Pink", "hex": "#A5307C", "image": "https://pub-fbec7c9199f04af8ab95a413a4620d37.r2.dev/suppliers/gildan/products/_variants/w400/102/102-superpink-front.webp"}, {"name": "White", "hex": "#FFFFFF", "image": "https://pub-fbec7c9199f04af8ab95a413a4620d37.r2.dev/suppliers/gildan/products/_variants/w400/102/102-white-front.webp"}]'::jsonb,'{"composition": "100% Combed Ring Spun Cotton", "weight_gsm": "153", "fit": "Boxy Fit"}'::jsonb,'["Fabric Weight: 153g/㎡", "Fabric Composition: 100% Combed Ring Spun Cotton", "Lightweight elevated basic style", "Soft combed ring spun fabric feels great against your skin", "Non-topstitched, classic width, rib collar", "Taped neck and shoulders for comfort and durability", "Boxy fit, slightly cropped, side seamed body", "Tear away label", "Proud Better Cotton member", "Cotton products from American Apparel support more sustainable + ethical cotton farming"]'::jsonb,'{"unit": "cm", "measurements": [{"name": "Width (A)", "values": ["48", "51", "56", "61", "66"]}, {"name": "Length (B)", "values": ["51", "53", "56", "58", "61"]}, {"name": "Sleeve Center Back (D2)", "values": ["41", "43", "45", "48", "50"]}], "sizes": ["S", "M", "L", "XL", "2XL"]}'::jsonb,null,'{"Cotton"}','{"Screen Print","DTG","DTF","Embroidery"}',false,'local_stock');
insert into public.pricing_tiers (product_id,min_qty,base_price,sort_order) values ('a92ee5a8-ff22-41b0-9da6-d34651b1d696',20,8.25,1);
insert into public.product_colours (product_id,name,hex,images,sort_order) values ('a92ee5a8-ff22-41b0-9da6-d34651b1d696','Gallery',null,'["https://pub-fbec7c9199f04af8ab95a413a4620d37.r2.dev/suppliers/gildan/products/_variants/w400/102/102-arctic-01.webp", "https://pub-fbec7c9199f04af8ab95a413a4620d37.r2.dev/suppliers/gildan/products/_variants/w400/102/102-arctic-02.webp", "https://pub-fbec7c9199f04af8ab95a413a4620d37.r2.dev/suppliers/gildan/products/_variants/w400/102/102-arctic-front.webp"]'::jsonb,0);
insert into public.products (id,supplier,supplier_name,supplier_sku,supplier_code,name,slug,category,gender,brand,description,short_desc,seo_description,meta_description,meta_title,min_qty,setup_fee,shipping,margin,status,is_published,decoration_required,decoration_model,colours,specs,features,size_chart,size_pricing,material_tags,print_methods,is_eco,fulfillment) values ('66702be4-d931-4873-b398-60b737e445f1','Gildan Brands','American Apparel','1301','1301','American Apparel® 1301 T-Shirt','american-apparel-1301-t-shirt-1301','T-Shirts','Unisex','American Apparel','Classic crewneck heavyweight tee in premium cotton, built for a clean everyday look with reliable durability.','Classic crewneck heavyweight tee in premium cotton, built for a clean everyday look with reliable durability.','Print your logo on the American Apparel® 1301 T-Shirt — 203 GSM. Screen Print/DTG/DTF/Embroidery from 20.','Custom printed American Apparel® 1301 T-Shirt by American Apparel. 100% US Cotton. Screen Print/DTG/DTF/Embroidery, min 20. Fast Australia-wide.','Custom Printed American Apparel® 1301 T-Shirt | American Apparel',20,0,30,1.4,'active',false,true,'calculator','[{"name": "Ash", "hex": "#D9D9D6", "image": "https://pub-fbec7c9199f04af8ab95a413a4620d37.r2.dev/suppliers/gildan/products/_variants/w400/1301/1301-ash-front.webp"}, {"name": "Black", "hex": "#1C1F2A", "image": "https://pub-fbec7c9199f04af8ab95a413a4620d37.r2.dev/suppliers/gildan/products/_variants/w400/1301/1301-black-front.webp"}, {"name": "Burgundy", "hex": "#6F263D", "image": "https://pub-fbec7c9199f04af8ab95a413a4620d37.r2.dev/suppliers/gildan/products/_variants/w400/1301/1301-burgundy-front.webp"}, {"name": "Cardinal", "hex": "", "image": "https://pub-fbec7c9199f04af8ab95a413a4620d37.r2.dev/suppliers/gildan/products/_variants/w400/1301/1301-cardinal-front.webp"}, {"name": "Celadon", "hex": "#6ECEB2", "image": "https://pub-fbec7c9199f04af8ab95a413a4620d37.r2.dev/suppliers/gildan/products/_variants/w400/1301/1301-celadon-front.webp"}, {"name": "Charcoal", "hex": "#53565A", "image": "https://pub-fbec7c9199f04af8ab95a413a4620d37.r2.dev/suppliers/gildan/products/_variants/w400/1301/1301-charcoal-front.webp"}, {"name": "Cream", "hex": "#EFDBB2", "image": "https://pub-fbec7c9199f04af8ab95a413a4620d37.r2.dev/suppliers/gildan/products/_variants/w400/1301/1301-cream-front.webp"}, {"name": "Forest Green", "hex": "", "image": "https://pub-fbec7c9199f04af8ab95a413a4620d37.r2.dev/suppliers/gildan/products/_variants/w400/1301/1301-forest-green-front.webp"}, {"name": "Heather Grey", "hex": "#97999B", "image": "https://pub-fbec7c9199f04af8ab95a413a4620d37.r2.dev/suppliers/gildan/products/_variants/w400/1301/1301-heathergrey-front.webp"}, {"name": "Military Green", "hex": "#5E7461", "image": "https://pub-fbec7c9199f04af8ab95a413a4620d37.r2.dev/suppliers/gildan/products/_variants/w400/1301/1301-military-green-front.webp"}, {"name": "Orange", "hex": "#FF6A13", "image": "https://pub-fbec7c9199f04af8ab95a413a4620d37.r2.dev/suppliers/gildan/products/_variants/w400/1301/1301-orange-front.webp"}, {"name": "Pink", "hex": "#FABBCB", "image": "https://pub-fbec7c9199f04af8ab95a413a4620d37.r2.dev/suppliers/gildan/products/_variants/w400/1301/1301-pink-front.webp"}, {"name": "Powder Blue", "hex": "#A7BCD6", "image": "https://pub-fbec7c9199f04af8ab95a413a4620d37.r2.dev/suppliers/gildan/products/_variants/w400/1301/1301-powderblue-front.webp"}, {"name": "Red", "hex": "#BA0C2F", "image": "https://pub-fbec7c9199f04af8ab95a413a4620d37.r2.dev/suppliers/gildan/products/_variants/w400/1301/1301-red-front.webp"}, {"name": "Royal", "hex": "", "image": "https://pub-fbec7c9199f04af8ab95a413a4620d37.r2.dev/suppliers/gildan/products/_variants/w400/1301/1301-royal-front.webp"}, {"name": "Sand", "hex": "D9C0A9", "image": "https://pub-fbec7c9199f04af8ab95a413a4620d37.r2.dev/suppliers/gildan/products/_variants/w400/1301/1301-sand-front.webp"}, {"name": "Slate", "hex": "", "image": "https://pub-fbec7c9199f04af8ab95a413a4620d37.r2.dev/suppliers/gildan/products/_variants/w400/1301/1301-slate-front.webp"}, {"name": "TrueNavy", "hex": "", "image": "https://pub-fbec7c9199f04af8ab95a413a4620d37.r2.dev/suppliers/gildan/products/_variants/w400/1301/1301-truenavy-front.webp"}, {"name": "White", "hex": "#FFFFFF", "image": "https://pub-fbec7c9199f04af8ab95a413a4620d37.r2.dev/suppliers/gildan/products/_variants/w400/1301/1301-white-front.webp"}]'::jsonb,'{"composition": "100% US Cotton", "weight_gsm": "203", "fit": "Classic Fit"}'::jsonb,'["Fabric Weight: 203g/㎡", "Fabric Composition: 100% US Cotton", "Heavyweight fabric", "Perfect for customisation", "Taped neck and shoulders for comfort and durability", "Classic fit, tubular body", "Tear away label", "Proud Better Cotton member", "Cotton products from American Apparel support more sustainable + ethical cotton farming"]'::jsonb,'{"unit": "cm", "measurements": [{"name": "Width (A)", "values": ["46", "51", "56", "61", "66", "71", "76"]}, {"name": "Length (B)", "values": ["67", "72", "77", "80", "83", "85", "88"]}, {"name": "Sleeve Center Back (D2)", "values": ["41", "45", "50", "53", "55", "60", "63"]}], "sizes": ["S", "M", "L", "XL", "2XL", "3XL", "4XL"]}'::jsonb,'{"3XL": 11.62, "4XL": 11.62}'::jsonb,'{"Cotton"}','{"Screen Print","DTG","DTF","Embroidery"}',false,'local_stock');
insert into public.pricing_tiers (product_id,min_qty,base_price,sort_order) values ('66702be4-d931-4873-b398-60b737e445f1',20,7.7,1);
insert into public.product_colours (product_id,name,hex,images,sort_order) values ('66702be4-d931-4873-b398-60b737e445f1','Gallery',null,'["https://pub-fbec7c9199f04af8ab95a413a4620d37.r2.dev/suppliers/gildan/products/_variants/w400/1301/1301-ashgrey-01.webp", "https://pub-fbec7c9199f04af8ab95a413a4620d37.r2.dev/suppliers/gildan/products/_variants/w400/1301/1301-ashgrey-02.webp", "https://pub-fbec7c9199f04af8ab95a413a4620d37.r2.dev/suppliers/gildan/products/_variants/w400/1301/1301-ash-front.webp"]'::jsonb,0);
insert into public.products (id,supplier,supplier_name,supplier_sku,supplier_code,name,slug,category,gender,brand,description,short_desc,seo_description,meta_description,meta_title,min_qty,setup_fee,shipping,margin,status,is_published,decoration_required,decoration_model,colours,specs,features,size_chart,size_pricing,material_tags,print_methods,is_eco,fulfillment) values ('17a5af55-39a2-440f-b767-6a9abd5fad0b','Gildan Brands','American Apparel','1304','1304','American Apparel® 1304 T-Shirt','american-apparel-1304-t-shirt-1304','T-Shirts','Unisex','American Apparel','Long-sleeve crewneck tee in heavyweight cotton offering a relaxed, soft feel for cooler-weather layering.','Long-sleeve crewneck tee in heavyweight cotton offering a relaxed, soft feel for cooler-weather layering.','Print your logo on the American Apparel® 1304 T-Shirt — 203 GSM. Screen Print/DTG/DTF/Embroidery from 20.','Custom printed American Apparel® 1304 T-Shirt by American Apparel. 100% US Cotton. Screen Print/DTG/DTF/Embroidery, min 20. Fast Australia-wide.','Custom Printed American Apparel® 1304 T-Shirt | American Apparel',20,0,30,1.4,'active',false,true,'calculator','[{"name": "Black", "hex": "#1C1F2A", "image": "https://pub-fbec7c9199f04af8ab95a413a4620d37.r2.dev/suppliers/gildan/products/_variants/w400/1304/1304-black-front.webp"}, {"name": "Celadon", "hex": "#6ECEB2", "image": "https://pub-fbec7c9199f04af8ab95a413a4620d37.r2.dev/suppliers/gildan/products/_variants/w400/1304/1304-celadon-front.webp"}, {"name": "Heather Charcoal", "hex": "#54585A", "image": "https://pub-fbec7c9199f04af8ab95a413a4620d37.r2.dev/suppliers/gildan/products/_variants/w400/1304/1304-heathercharcoal-front.webp"}, {"name": "Heather Grey", "hex": "#97999B", "image": "https://pub-fbec7c9199f04af8ab95a413a4620d37.r2.dev/suppliers/gildan/products/_variants/w400/1304/1304-heathergrey-front.webp"}, {"name": "Orange", "hex": "#FF6A13", "image": "https://pub-fbec7c9199f04af8ab95a413a4620d37.r2.dev/suppliers/gildan/products/_variants/w400/1304/1304-orange-front.webp"}, {"name": "Sand", "hex": "D9C0A9", "image": "https://pub-fbec7c9199f04af8ab95a413a4620d37.r2.dev/suppliers/gildan/products/_variants/w400/1304/1304-sand-front.webp"}, {"name": "TrueNavy", "hex": "", "image": "https://pub-fbec7c9199f04af8ab95a413a4620d37.r2.dev/suppliers/gildan/products/_variants/w400/1304/1304-truenavy-front.webp"}, {"name": "White", "hex": "#FFFFFF", "image": "https://pub-fbec7c9199f04af8ab95a413a4620d37.r2.dev/suppliers/gildan/products/_variants/w400/1304/1304-white-front.webp"}]'::jsonb,'{"composition": "100% US Cotton", "weight_gsm": "203", "fit": "Classic Fit"}'::jsonb,'["Fabric Weight: 203g/㎡", "Fabric Composition: 100% US Cotton", "Heavyweight fabric", "Perfect for customisation", "Non-topstitched, wide width, rib collar", "Taped neck and shoulders for comfort and durability", "Rib cuffs", "Classic fit, tubular body", "Tear away label", "Proud Better Cotton member", "Cotton products from American Apparel support more sustainable + ethical cotton farming"]'::jsonb,'{"unit": "cm", "measurements": [{"name": "Width (A)", "values": ["46", "51", "56", "61", "66", "71"]}, {"name": "Length (B)", "values": ["67", "72", "77", "80", "83", "85"]}, {"name": "Sleeve Center Back (D2)", "values": ["79", "84", "89", "94", "99", "104"]}], "sizes": ["S", "M", "L", "XL", "2XL", "3XL"]}'::jsonb,null,'{"Cotton"}','{"Screen Print","DTG","DTF","Embroidery"}',false,'local_stock');
insert into public.pricing_tiers (product_id,min_qty,base_price,sort_order) values ('17a5af55-39a2-440f-b767-6a9abd5fad0b',20,10.6,1);
insert into public.product_colours (product_id,name,hex,images,sort_order) values ('17a5af55-39a2-440f-b767-6a9abd5fad0b','Gallery',null,'["https://pub-fbec7c9199f04af8ab95a413a4620d37.r2.dev/suppliers/gildan/products/_variants/w400/1304/1304-black-01.webp", "https://pub-fbec7c9199f04af8ab95a413a4620d37.r2.dev/suppliers/gildan/products/_variants/w400/1304/1304-black-02.webp", "https://pub-fbec7c9199f04af8ab95a413a4620d37.r2.dev/suppliers/gildan/products/_variants/w400/1304/1304-black-front.webp"]'::jsonb,0);
insert into public.products (id,supplier,supplier_name,supplier_sku,supplier_code,name,slug,category,gender,brand,description,short_desc,seo_description,meta_description,meta_title,min_qty,setup_fee,shipping,margin,status,is_published,decoration_required,decoration_model,colours,specs,features,size_chart,size_pricing,material_tags,print_methods,is_eco,fulfillment) values ('25275aaa-c912-4897-9bd5-3ce8e0eea270','Gildan Brands','Comfort Colors','1466','1466','Comfort Colors® 1466 Crewneck','comfort-colors-1466-crewneck-1466','Sweatshirts','Unisex','Comfort Colors','Garment-dyed ring-spun cotton crewneck sweatshirt with a relaxed, seamless fit.','Garment-dyed ring-spun cotton crewneck sweatshirt with a relaxed, seamless fit.','Print your logo on the Comfort Colors® 1466 Crewneck — 217 GSM. Screen Print/DTG/DTF/Embroidery from 20.','Custom printed Comfort Colors® 1466 Crewneck by Comfort Colors. 100% Ring Spun US Cotton. Screen Print/DTG/DTF/Embroidery, min 20. Fast Australia-wide.','Custom Printed Comfort Colors® 1466 Crewneck | Comfort Colors',20,0,30,1.4,'active',false,true,'calculator','[{"name": "Black", "hex": "#25282A", "image": "https://pub-fbec7c9199f04af8ab95a413a4620d37.r2.dev/suppliers/gildan/products/_variants/w400/1466/1466-black-front.webp"}, {"name": "Blue Jean", "hex": "#647692", "image": "https://pub-fbec7c9199f04af8ab95a413a4620d37.r2.dev/suppliers/gildan/products/_variants/w400/1466/1466-bluejean-front.webp"}, {"name": "Butter", "hex": "#F5E1A4", "image": "https://pub-fbec7c9199f04af8ab95a413a4620d37.r2.dev/suppliers/gildan/products/_variants/w400/1466/1466-butter-front.webp"}, {"name": "Chalky Mint", "hex": "#5CB8B2", "image": "https://pub-fbec7c9199f04af8ab95a413a4620d37.r2.dev/suppliers/gildan/products/_variants/w400/1466/1466-chalkymint-front.webp"}, {"name": "Crimson", "hex": "#A4123F", "image": "https://pub-fbec7c9199f04af8ab95a413a4620d37.r2.dev/suppliers/gildan/products/_variants/w400/1466/1466-crimson-front.webp"}, {"name": "Espresso", "hex": "#553C36", "image": "https://pub-fbec7c9199f04af8ab95a413a4620d37.r2.dev/suppliers/gildan/products/_variants/w400/1466/1466-espresso-front.webp"}, {"name": "Grey", "hex": "#716E6A", "image": "https://pub-fbec7c9199f04af8ab95a413a4620d37.r2.dev/suppliers/gildan/products/_variants/w400/1466/1466-grey-front.webp"}, {"name": "Hydrangea", "hex": "#A7BCD6", "image": "https://pub-fbec7c9199f04af8ab95a413a4620d37.r2.dev/suppliers/gildan/products/_variants/w400/1466/1466-hydrangea-front.webp"}, {"name": "Ivory", "hex": "#E7CEB5", "image": "https://pub-fbec7c9199f04af8ab95a413a4620d37.r2.dev/suppliers/gildan/products/_variants/w400/1466/1466-ivory-front.webp"}, {"name": "Neon Violet", "hex": "#BF9BDE", "image": "https://pub-fbec7c9199f04af8ab95a413a4620d37.r2.dev/suppliers/gildan/products/_variants/w400/1466/1466-neonviolet-front.webp"}, {"name": "Peachy", "hex": "#EDAB9C", "image": "https://pub-fbec7c9199f04af8ab95a413a4620d37.r2.dev/suppliers/gildan/products/_variants/w400/1466/1466-peachy-front.webp"}, {"name": "Pepper", "hex": "#4E4B48", "image": "https://pub-fbec7c9199f04af8ab95a413a4620d37.r2.dev/suppliers/gildan/products/_variants/w400/1466/1466-pepper-front.webp"}, {"name": "White", "hex": "#FFFFFF", "image": "https://pub-fbec7c9199f04af8ab95a413a4620d37.r2.dev/suppliers/gildan/products/_variants/w400/1466/1466-white-front.webp"}, {"name": "Yam", "hex": "#BE531C", "image": "https://pub-fbec7c9199f04af8ab95a413a4620d37.r2.dev/suppliers/gildan/products/_variants/w400/1466/1466-yam-front.webp"}]'::jsonb,'{"composition": "100% Ring Spun US Cotton", "weight_gsm": "217", "fit": "Relaxed Fit"}'::jsonb,'["Pre-shrunk during the garment dye process for almost no shrinkage at home", "Our clean pigment dye colours use 50% less water than traditional pigment dye processes", "Garment-dyed soft ring spun fabric feels great against your skin", "Rolled forward shoulder", "Relaxed fit, seamless body", "1x1 rib collar, cuffs and waistband with spandex for enhanced stretch and recovery", "Signature twill label and back neck tape", "Proud member of the US Cotton Trust Protocol (USCTP) and Better Cotton", "Cotton products from Comfort Colors support more sustainable + ethical cotton farming"]'::jsonb,'{"unit": "cm", "measurements": [{"name": "Width (A)", "values": ["51", "56", "61", "66", "71", "76"]}, {"name": "Length (B)", "values": ["69", "71", "74", "76", "79", "81"]}, {"name": "Sleeve Center Back (D2)", "values": ["85", "88", "90", "93", "95", "98"]}], "sizes": ["S", "M", "L", "XL", "2XL", "3XL"]}'::jsonb,null,'{"Cotton"}','{"Screen Print","DTG","DTF","Embroidery"}',false,'local_stock');
insert into public.pricing_tiers (product_id,min_qty,base_price,sort_order) values ('25275aaa-c912-4897-9bd5-3ce8e0eea270',20,24.0,1);
insert into public.product_colours (product_id,name,hex,images,sort_order) values ('25275aaa-c912-4897-9bd5-3ce8e0eea270','Gallery',null,'["https://pub-fbec7c9199f04af8ab95a413a4620d37.r2.dev/suppliers/gildan/products/_variants/w400/1466/1466-black-01.webp", "https://pub-fbec7c9199f04af8ab95a413a4620d37.r2.dev/suppliers/gildan/products/_variants/w400/1466/1466-black-02.webp", "https://pub-fbec7c9199f04af8ab95a413a4620d37.r2.dev/suppliers/gildan/products/_variants/w400/1466/1466-black-front.webp"]'::jsonb,0);
insert into public.products (id,supplier,supplier_name,supplier_sku,supplier_code,name,slug,category,gender,brand,description,short_desc,seo_description,meta_description,meta_title,min_qty,setup_fee,shipping,margin,status,is_published,decoration_required,decoration_model,colours,specs,features,size_chart,size_pricing,material_tags,print_methods,is_eco,fulfillment) values ('c5f44909-2e92-4885-8452-91bb39daad7b','Gildan Brands','Comfort Colors','1467','1467','Comfort Colors® 1467 Hoodie','comfort-colors-1467-hoodie-1467','Hoodies','Unisex','Comfort Colors','Garment-dyed ring-spun cotton hoodie with a jersey-lined hood and relaxed fit.','Garment-dyed ring-spun cotton hoodie with a jersey-lined hood and relaxed fit.','Print your logo on the Comfort Colors® 1467 Hoodie — 217 GSM. Screen Print/DTG/DTF/Embroidery from 20.','Custom printed Comfort Colors® 1467 Hoodie by Comfort Colors. 100% Ring Spun US Cotton. Screen Print/DTG/DTF/Embroidery, min 20. Fast Australia-wide.','Custom Printed Comfort Colors® 1467 Hoodie | Comfort Colors',20,0,30,1.4,'active',false,true,'calculator','[{"name": "Black", "hex": "#25282A", "image": "https://pub-fbec7c9199f04af8ab95a413a4620d37.r2.dev/suppliers/gildan/products/_variants/w400/1467/1467-black-front.webp"}, {"name": "Blue Jean", "hex": "#647692", "image": "https://pub-fbec7c9199f04af8ab95a413a4620d37.r2.dev/suppliers/gildan/products/_variants/w400/1467/1467-bluejean-front.webp"}, {"name": "Butter", "hex": "#F5E1A4", "image": "https://pub-fbec7c9199f04af8ab95a413a4620d37.r2.dev/suppliers/gildan/products/_variants/w400/1467/1467-butter-front.webp"}, {"name": "Grey", "hex": "#716E6A", "image": "https://pub-fbec7c9199f04af8ab95a413a4620d37.r2.dev/suppliers/gildan/products/_variants/w400/1467/1467-grey-front.webp"}, {"name": "Hydrangea", "hex": "#A7BCD6", "image": "https://pub-fbec7c9199f04af8ab95a413a4620d37.r2.dev/suppliers/gildan/products/_variants/w400/1467/1467-hydrangea-front.webp"}, {"name": "Ivory", "hex": "#E7CEB5", "image": "https://pub-fbec7c9199f04af8ab95a413a4620d37.r2.dev/suppliers/gildan/products/_variants/w400/1467/1467-ivory-front.webp"}, {"name": "Neon Violet", "hex": "#BF9BDE", "image": "https://pub-fbec7c9199f04af8ab95a413a4620d37.r2.dev/suppliers/gildan/products/_variants/w400/1467/1467-neonviolet-front.webp"}, {"name": "Peachy", "hex": "#EDAB9C", "image": "https://pub-fbec7c9199f04af8ab95a413a4620d37.r2.dev/suppliers/gildan/products/_variants/w400/1467/1467-peachy-front.webp"}, {"name": "Pepper", "hex": "#4E4B48", "image": "https://pub-fbec7c9199f04af8ab95a413a4620d37.r2.dev/suppliers/gildan/products/_variants/w400/1467/1467-pepper-front.webp"}, {"name": "White", "hex": "#FFFFFF", "image": "https://pub-fbec7c9199f04af8ab95a413a4620d37.r2.dev/suppliers/gildan/products/_variants/w400/1467/1467-white-front.webp"}]'::jsonb,'{"composition": "100% Ring Spun US Cotton", "weight_gsm": "217", "fit": "Relaxed Fit"}'::jsonb,'["Garment-dyed soft ring spun fabric feels great against your skin", "Jersey lined hood with natural coloured flatcord (white flatcord on colour white)", "Rolled forward shoulder", "Relaxed fit, seamless body", "1x1 rib cuffs and waistband with spandex for enhanced stretch and recovery", "Signature twill label and back neck tape", "Pre-shrunk during the garment dye process for almost no shrinkage at home", "Our clean pigment dye colours use 50% less water than traditional pigment dye processes", "Proud member of the US Cotton Trust Protocol (USCTP) and Better Cotton", "Cotton products from Comfort Colors support more sustainable + ethical cotton farming"]'::jsonb,'{"unit": "cm", "measurements": [{"name": "Width (A)", "values": ["51", "56", "61", "66", "71", "76"]}, {"name": "Length (B)", "values": ["69", "71", "74", "76", "79", "81"]}, {"name": "Sleeve Center Back (D2)", "values": ["85", "88", "90", "93", "95", "98"]}], "sizes": ["S", "M", "L", "XL", "2XL", "3XL"]}'::jsonb,null,'{"Cotton"}','{"Screen Print","DTG","DTF","Embroidery"}',false,'local_stock');
insert into public.pricing_tiers (product_id,min_qty,base_price,sort_order) values ('c5f44909-2e92-4885-8452-91bb39daad7b',20,26.0,1);
insert into public.product_colours (product_id,name,hex,images,sort_order) values ('c5f44909-2e92-4885-8452-91bb39daad7b','Gallery',null,'["https://pub-fbec7c9199f04af8ab95a413a4620d37.r2.dev/suppliers/gildan/products/_variants/w400/1467/1467-black-01.webp", "https://pub-fbec7c9199f04af8ab95a413a4620d37.r2.dev/suppliers/gildan/products/_variants/w400/1467/1467-black-02.webp", "https://pub-fbec7c9199f04af8ab95a413a4620d37.r2.dev/suppliers/gildan/products/_variants/w400/1467/1467-black-front.webp"]'::jsonb,0);
insert into public.products (id,supplier,supplier_name,supplier_sku,supplier_code,name,slug,category,gender,brand,description,short_desc,seo_description,meta_description,meta_title,min_qty,setup_fee,shipping,margin,status,is_published,decoration_required,decoration_model,colours,specs,features,size_chart,size_pricing,material_tags,print_methods,is_eco,fulfillment) values ('1c68a7a1-83e3-4953-87a9-9e2cf3ca43ac','Gildan Brands','Comfort Colors','1468','1468','Comfort Colors® 1468 Shorts','comfort-colors-1468-shorts-1468','Shorts','Unisex','Comfort Colors','Garment-dyed ring-spun cotton sweat shorts with jersey-lined pockets and relaxed fit.','Garment-dyed ring-spun cotton sweat shorts with jersey-lined pockets and relaxed fit.','Print your logo on the Comfort Colors® 1468 Shorts — 217 GSM. Screen Print/DTG/DTF/Embroidery from 20.','Custom printed Comfort Colors® 1468 Shorts by Comfort Colors. 100% Ring Spun US Cotton. Screen Print/DTG/DTF/Embroidery, min 20. Fast Australia-wide.','Custom Printed Comfort Colors® 1468 Shorts | Comfort Colors',20,0,30,1.4,'active',false,true,'calculator','[{"name": "Blue Jean", "hex": "#647692", "image": "https://pub-fbec7c9199f04af8ab95a413a4620d37.r2.dev/suppliers/gildan/products/_variants/w400/1468/1468-bluejean-front.webp"}, {"name": "Hydrangea", "hex": "#A7BCD6", "image": "https://pub-fbec7c9199f04af8ab95a413a4620d37.r2.dev/suppliers/gildan/products/_variants/w400/1468/1468-hydrangea-front.webp"}, {"name": "Ivory", "hex": "#E7CEB5", "image": "https://pub-fbec7c9199f04af8ab95a413a4620d37.r2.dev/suppliers/gildan/products/_variants/w400/1468/1468-ivory-front.webp"}, {"name": "Neon Violet", "hex": "#BF9BDE", "image": "https://pub-fbec7c9199f04af8ab95a413a4620d37.r2.dev/suppliers/gildan/products/_variants/w400/1468/1468-neonviolet-front.webp"}, {"name": "Peachy", "hex": "#EDAB9C", "image": "https://pub-fbec7c9199f04af8ab95a413a4620d37.r2.dev/suppliers/gildan/products/_variants/w400/1468/1468-peachy-front.webp"}, {"name": "Pepper", "hex": "#4E4B48", "image": "https://pub-fbec7c9199f04af8ab95a413a4620d37.r2.dev/suppliers/gildan/products/_variants/w400/1468/1468-pepper-front.webp"}]'::jsonb,'{"composition": "100% Ring Spun US Cotton", "weight_gsm": "217", "fit": "Relaxed Fit"}'::jsonb,'["Pre-shrunk during the garment dye process for almost no shrinkage at home", "Garment-dyed soft ring spun fabric feels great against your skin", "Natural coloured flatcord", "Jersey-lined side pockets", "Differential rise for a better fit", "Relaxed fit, side-seamed short", "Signature twill label", "Our clean pigment dye colours use 50% less water than traditional pigment dye processes", "Proud member of the US Cotton Trust Protocol (USCTP) and Better Cotton", "Cotton products from Comfort Colors support more sustainable + ethical cotton farming"]'::jsonb,'{"unit": "cm", "measurements": [{"name": "Width (A)", "values": ["38", "41", "43", "46", "50"]}, {"name": "Length (B)", "values": ["19", "19", "19", "19", "19"]}], "sizes": ["S", "M", "L", "XL", "2XL"]}'::jsonb,null,'{"Cotton"}','{"Screen Print","DTG","DTF","Embroidery"}',false,'local_stock');
insert into public.pricing_tiers (product_id,min_qty,base_price,sort_order) values ('1c68a7a1-83e3-4953-87a9-9e2cf3ca43ac',20,16.0,1);
insert into public.product_colours (product_id,name,hex,images,sort_order) values ('1c68a7a1-83e3-4953-87a9-9e2cf3ca43ac','Gallery',null,'["https://pub-fbec7c9199f04af8ab95a413a4620d37.r2.dev/suppliers/gildan/products/_variants/w400/1468/1468-bluejean-01.webp", "https://pub-fbec7c9199f04af8ab95a413a4620d37.r2.dev/suppliers/gildan/products/_variants/w400/1468/1468-bluejean-02.webp", "https://pub-fbec7c9199f04af8ab95a413a4620d37.r2.dev/suppliers/gildan/products/_variants/w400/1468/1468-bluejean-front.webp"]'::jsonb,0);
insert into public.products (id,supplier,supplier_name,supplier_sku,supplier_code,name,slug,category,gender,brand,description,short_desc,seo_description,meta_description,meta_title,min_qty,setup_fee,shipping,margin,status,is_published,decoration_required,decoration_model,colours,specs,features,size_chart,size_pricing,material_tags,print_methods,is_eco,fulfillment) values ('4fc22c95-379f-415d-bfbd-f367fbc2fda5','Gildan Brands','Comfort Colors','1469','1469','Comfort Colors® 1469 Sweatpants','comfort-colors-1469-sweatpants-1469','Pants','Unisex','Comfort Colors','Garment-dyed ring-spun cotton sweatpants with a relaxed, differential-rise fit.','Garment-dyed ring-spun cotton sweatpants with a relaxed, differential-rise fit.','Print your logo on the Comfort Colors® 1469 Sweatpants — 217 GSM. Screen Print/DTG/DTF/Embroidery from 20.','Custom printed Comfort Colors® 1469 Sweatpants by Comfort Colors. 100% Ring Spun US Cotton. Screen Print/DTG/DTF/Embroidery, min 20. Fast Australia-wide.','Custom Printed Comfort Colors® 1469 Sweatpants | Comfort Colors',20,0,30,1.4,'active',false,true,'calculator','[{"name": "Blue Jean", "hex": "#647692", "image": "https://pub-fbec7c9199f04af8ab95a413a4620d37.r2.dev/suppliers/gildan/products/_variants/w400/1469/1469-bluejean-front.webp"}, {"name": "Espresso", "hex": "#553C36", "image": "https://pub-fbec7c9199f04af8ab95a413a4620d37.r2.dev/suppliers/gildan/products/_variants/w400/1469/1469-espresso-front.webp"}, {"name": "Hydrangea", "hex": "#A7BCD6", "image": "https://pub-fbec7c9199f04af8ab95a413a4620d37.r2.dev/suppliers/gildan/products/_variants/w400/1469/1469-hydrangea-front.webp"}, {"name": "Ivory", "hex": "#E7CEB5", "image": "https://pub-fbec7c9199f04af8ab95a413a4620d37.r2.dev/suppliers/gildan/products/_variants/w400/1469/1469-ivory-front.webp"}, {"name": "Neon Violet", "hex": "#BF9BDE", "image": "https://pub-fbec7c9199f04af8ab95a413a4620d37.r2.dev/suppliers/gildan/products/_variants/w400/1469/1469-neonviolet-front.webp"}, {"name": "Peachy", "hex": "#EDAB9C", "image": "https://pub-fbec7c9199f04af8ab95a413a4620d37.r2.dev/suppliers/gildan/products/_variants/w400/1469/1469-peachy-front.webp"}, {"name": "Pepper", "hex": "#4E4B48", "image": "https://pub-fbec7c9199f04af8ab95a413a4620d37.r2.dev/suppliers/gildan/products/_variants/w400/1469/1469-pepper-front.webp"}]'::jsonb,'{"composition": "100% Ring Spun US Cotton", "weight_gsm": "217", "fit": "Relaxed Fit"}'::jsonb,'["Pre-shrunk during the garment dye process for almost no shrinkage at home", "Our clean pigment dye colours use 50% less water than traditional pigment dye processes", "Garment-dyed soft ring spun fabric feels great against your skin", "Natural coloured flatcord", "Jersey-lined side pockets", "Differential rise for a better fit", "Relaxed fit, side-seamed pant", "Signature twill label", "Proud member of the US Cotton Trust Protocol (USCTP) and Better Cotton", "Cotton products from Comfort Colors support more sustainable + ethical cotton farming"]'::jsonb,'{"unit": "cm", "measurements": [{"name": "Width (A)", "values": ["38", "41", "43", "46", null]}, {"name": "Length (B)", "values": ["70", "72", "73", "74", null]}], "sizes": ["S", "M", "L", "XL", "2XL"]}'::jsonb,null,'{"Cotton"}','{"Screen Print","DTG","DTF","Embroidery"}',false,'local_stock');
insert into public.pricing_tiers (product_id,min_qty,base_price,sort_order) values ('4fc22c95-379f-415d-bfbd-f367fbc2fda5',20,19.95,1);
insert into public.product_colours (product_id,name,hex,images,sort_order) values ('4fc22c95-379f-415d-bfbd-f367fbc2fda5','Gallery',null,'["https://pub-fbec7c9199f04af8ab95a413a4620d37.r2.dev/suppliers/gildan/products/_variants/w400/1469/1469-bluejean-01.webp", "https://pub-fbec7c9199f04af8ab95a413a4620d37.r2.dev/suppliers/gildan/products/_variants/w400/1469/1469-bluejean-02.webp", "https://pub-fbec7c9199f04af8ab95a413a4620d37.r2.dev/suppliers/gildan/products/_variants/w400/1469/1469-bluejean-front.webp"]'::jsonb,0);
insert into public.products (id,supplier,supplier_name,supplier_sku,supplier_code,name,slug,category,gender,brand,description,short_desc,seo_description,meta_description,meta_title,min_qty,setup_fee,shipping,margin,status,is_published,decoration_required,decoration_model,colours,specs,features,size_chart,size_pricing,material_tags,print_methods,is_eco,fulfillment) values ('074aa813-e661-488f-82c3-7d06180167c3','Gildan Brands','Comfort Colors','1566','1566','Comfort Colors® 1566 Crewneck','comfort-colors-1566-crewneck-1566','Sweatshirts','Unisex','Comfort Colors','Garment-dyed heavyweight fleece crewneck sweatshirt with a soft, broken-in feel from the first wear.','Garment-dyed heavyweight fleece crewneck sweatshirt with a soft, broken-in feel from the first wear.','Print your logo on the Comfort Colors® 1566 Crewneck — 322 GSM. Screen Print/DTG/DTF/Embroidery from 20.','Custom printed Comfort Colors® 1566 Crewneck by Comfort Colors. 80% Ring Spun US Cotton / 20% Polyester. Screen Print/DTG/DTF/Embroidery, min 20. Fast Australia-wide.','Custom Printed Comfort Colors® 1566 Crewneck | Comfort Colors',20,0,30,1.4,'active',false,true,'calculator','[{"name": "Blue Spruce", "hex": "#004C45", "image": "https://pub-fbec7c9199f04af8ab95a413a4620d37.r2.dev/suppliers/gildan/products/_variants/w400/1566/1566-bluespruce-front.webp"}, {"name": "Butter", "hex": "#F5E1A4", "image": "https://pub-fbec7c9199f04af8ab95a413a4620d37.r2.dev/suppliers/gildan/products/_variants/w400/1566/1566-butter-front.webp"}, {"name": "Crimson", "hex": "#A4123F", "image": "https://pub-fbec7c9199f04af8ab95a413a4620d37.r2.dev/suppliers/gildan/products/_variants/w400/1566/1566-crimson-front.webp"}, {"name": "Denim", "hex": "#425563", "image": "https://pub-fbec7c9199f04af8ab95a413a4620d37.r2.dev/suppliers/gildan/products/_variants/w400/1566/1566-denim-front.webp"}, {"name": "Grey", "hex": "#716E6A", "image": "https://pub-fbec7c9199f04af8ab95a413a4620d37.r2.dev/suppliers/gildan/products/_variants/w400/1566/1566-grey-front.webp"}, {"name": "Orchid", "hex": "#C7B2DE", "image": "https://pub-fbec7c9199f04af8ab95a413a4620d37.r2.dev/suppliers/gildan/products/_variants/w400/1566/1566-orchid-front.webp"}, {"name": "Pepper", "hex": "#4E4B48", "image": "https://pub-fbec7c9199f04af8ab95a413a4620d37.r2.dev/suppliers/gildan/products/_variants/w400/1566/1566-pepper-front.webp"}, {"name": "True Navy", "hex": "#041E42", "image": "https://pub-fbec7c9199f04af8ab95a413a4620d37.r2.dev/suppliers/gildan/products/_variants/w400/1566/1566-truenavy-front.webp"}, {"name": "White", "hex": "#FFFFFF", "image": "https://pub-fbec7c9199f04af8ab95a413a4620d37.r2.dev/suppliers/gildan/products/_variants/w400/1566/1566-white-front.webp"}]'::jsonb,'{"composition": "80% Ring Spun US Cotton / 20% Polyester", "weight_gsm": "322", "fit": "Relaxed Fit"}'::jsonb,'["Fabric weight: 322g/㎡", "Fabric composition: 80% ring spun US cotton, 20% polyester", "Pre-shrunk during the garment dye process for almost no shrinkage at home", "Our clean pigment dye colours use 50% less water than traditional pigment dye processes", "3-end garment-dyed soft ring spun fleece with a 100% cotton face", "1x1 Rib collar", "Twill taped back neck for comfort and durability", "Back neck patch", "Rolled forward shoulder", "Relaxed fit, side seamed body", "Signature twill label", "Proud member of the US Cotton Trust Protocol (USCTP) and Better Cotton", "Cotton products from Comfort Colors support more sustainable + ethical cotton farming"]'::jsonb,'{"unit": "cm", "measurements": [{"name": "Width (A)", "values": ["53", "58", "64", "67", "71", null]}, {"name": "Length (B)", "values": ["70", "72", "75", "78", "80", null]}, {"name": "Sleeve Center Back (D2)", "values": ["80", "85", "90", "93", "97", null]}], "sizes": ["S", "M", "L", "XL", "2XL", "3XL"]}'::jsonb,null,'{"Cotton","Polyester"}','{"Screen Print","DTG","DTF","Embroidery"}',false,'local_stock');
insert into public.pricing_tiers (product_id,min_qty,base_price,sort_order) values ('074aa813-e661-488f-82c3-7d06180167c3',20,32.95,1);
insert into public.product_colours (product_id,name,hex,images,sort_order) values ('074aa813-e661-488f-82c3-7d06180167c3','Gallery',null,'["https://pub-fbec7c9199f04af8ab95a413a4620d37.r2.dev/suppliers/gildan/products/_variants/w400/1566/1566-bluespruce-01.webp", "https://pub-fbec7c9199f04af8ab95a413a4620d37.r2.dev/suppliers/gildan/products/_variants/w400/1566/1566-bluespruce-02.webp", "https://pub-fbec7c9199f04af8ab95a413a4620d37.r2.dev/suppliers/gildan/products/_variants/w400/1566/1566-bluespruce-front.webp"]'::jsonb,0);
insert into public.products (id,supplier,supplier_name,supplier_sku,supplier_code,name,slug,category,gender,brand,description,short_desc,seo_description,meta_description,meta_title,min_qty,setup_fee,shipping,margin,status,is_published,decoration_required,decoration_model,colours,specs,features,size_chart,size_pricing,material_tags,print_methods,is_eco,fulfillment) values ('6fda1fcc-4758-4ef1-8665-342e48d6388f','Gildan Brands','Comfort Colors','1567','1567','Comfort Colors® 1567 Hoodie','comfort-colors-1567-hoodie-1567','Hoodies','Unisex','Comfort Colors','Garment-dyed pullover fleece hoodie offering the same soft, lived-in comfort as the 1566 crewneck.','Garment-dyed pullover fleece hoodie offering the same soft, lived-in comfort as the 1566 crewneck.','Print your logo on the Comfort Colors® 1567 Hoodie — 322 GSM. Screen Print/DTG/DTF/Embroidery from 20.','Custom printed Comfort Colors® 1567 Hoodie by Comfort Colors. 80% Ring Spun US Cotton / 20% Polyester. Screen Print/DTG/DTF/Embroidery, min 20. Fast Australia-wide.','Custom Printed Comfort Colors® 1567 Hoodie | Comfort Colors',20,0,30,1.4,'active',false,true,'calculator','[{"name": "Blue Jean", "hex": "#647692", "image": "https://pub-fbec7c9199f04af8ab95a413a4620d37.r2.dev/suppliers/gildan/products/_variants/w400/1567/1567-bluejean-front.webp"}, {"name": "Blue Spruce", "hex": "#004C45", "image": "https://pub-fbec7c9199f04af8ab95a413a4620d37.r2.dev/suppliers/gildan/products/_variants/w400/1567/1567-bluespruce-front.webp"}, {"name": "Crimson", "hex": "#A4123F", "image": "https://pub-fbec7c9199f04af8ab95a413a4620d37.r2.dev/suppliers/gildan/products/_variants/w400/1567/1567-crimson-front.webp"}, {"name": "Pepper", "hex": "#4E4B48", "image": "https://pub-fbec7c9199f04af8ab95a413a4620d37.r2.dev/suppliers/gildan/products/_variants/w400/1567/1567-pepper-front.webp"}, {"name": "Seafoam", "hex": "#477A7B", "image": "https://pub-fbec7c9199f04af8ab95a413a4620d37.r2.dev/suppliers/gildan/products/_variants/w400/1567/1567-seafoam-front.webp"}, {"name": "True Navy", "hex": "#041E42", "image": "https://pub-fbec7c9199f04af8ab95a413a4620d37.r2.dev/suppliers/gildan/products/_variants/w400/1567/1567-truenavy-front.webp"}, {"name": "White", "hex": "#FFFFFF", "image": "https://pub-fbec7c9199f04af8ab95a413a4620d37.r2.dev/suppliers/gildan/products/_variants/w400/1567/1567-white-front.webp"}]'::jsonb,'{"composition": "80% Ring Spun US Cotton / 20% Polyester", "weight_gsm": "322", "fit": "Relaxed Fit"}'::jsonb,'["Fabric weight: 322g/㎡", "Fabric composition: 100% ring spun US cotton", "Pre-shrunk during the garment dye process for almost no shrinkage at home", "Our clean pigment dye colours use 50% less water than traditional pigment dye processes", "3-end garment-dyed soft ring spun fleece with a 100% cotton face", "Jersey lined hood with colour matched flatcord", "1x1 Rib collar, cuffs and waistband", "Twill taped back neck for comfort and durability", "Back neck patch", "Rolled forward shoulder", "Relaxed fit, side seamed body", "Signature twill label", "Proud member of the US Cotton Trust Protocol (USCTP) and Better Cotton", "Cotton products from Comfort Colors support more sustainable + ethical cotton farming"]'::jsonb,'{"unit": "cm", "measurements": [{"name": "Width (A)", "values": ["53", "58", "64", "67", "71", null]}, {"name": "Length (B)", "values": ["70", "72", "75", "78", "80", null]}, {"name": "Sleeve Center Back (D2)", "values": ["80", "85", "90", "93", "97", null]}], "sizes": ["S", "M", "L", "XL", "2XL", "3XL"]}'::jsonb,null,'{"Cotton","Polyester"}','{"Screen Print","DTG","DTF","Embroidery"}',false,'local_stock');
insert into public.pricing_tiers (product_id,min_qty,base_price,sort_order) values ('6fda1fcc-4758-4ef1-8665-342e48d6388f',20,40.25,1);
insert into public.product_colours (product_id,name,hex,images,sort_order) values ('6fda1fcc-4758-4ef1-8665-342e48d6388f','Gallery',null,'["https://pub-fbec7c9199f04af8ab95a413a4620d37.r2.dev/suppliers/gildan/products/_variants/w400/1567/1567-bluejean-01.webp", "https://pub-fbec7c9199f04af8ab95a413a4620d37.r2.dev/suppliers/gildan/products/_variants/w400/1567/1567-bluejean-02.webp", "https://pub-fbec7c9199f04af8ab95a413a4620d37.r2.dev/suppliers/gildan/products/_variants/w400/1567/1567-bluejean-front.webp"]'::jsonb,0);
insert into public.products (id,supplier,supplier_name,supplier_sku,supplier_code,name,slug,category,gender,brand,description,short_desc,seo_description,meta_description,meta_title,min_qty,setup_fee,shipping,margin,status,is_published,decoration_required,decoration_model,colours,specs,features,size_chart,size_pricing,material_tags,print_methods,is_eco,fulfillment) values ('97b5097e-c5a8-4724-ac04-2c10d2b2e548','Gildan Brands','Comfort Colors','1717','1717','Comfort Colors® 1717 T-Shirt','comfort-colors-1717-t-shirt-1717','T-Shirts','Unisex','Comfort Colors','Garment-dyed heavyweight ring-spun cotton tee, pre-shrunk with a relaxed, classic silhouette.','Garment-dyed heavyweight ring-spun cotton tee, pre-shrunk with a relaxed, classic silhouette.','Print your logo on the Comfort Colors® 1717 T-Shirt — 207 GSM. Screen Print/DTG/DTF/Embroidery from 20.','Custom printed Comfort Colors® 1717 T-Shirt by Comfort Colors. 100% Combed Ring Spun US Cotton. Screen Print/DTG/DTF/Embroidery, min 20. Fast Australia-wide.','Custom Printed Comfort Colors® 1717 T-Shirt | Comfort Colors',20,0,30,1.4,'active',false,true,'calculator','[{"name": "Bay", "hex": "#94A596", "image": "https://pub-fbec7c9199f04af8ab95a413a4620d37.r2.dev/suppliers/gildan/products/_variants/w400/1717/1717-bay-front.webp"}, {"name": "Berry", "hex": "#7E4966", "image": "https://pub-fbec7c9199f04af8ab95a413a4620d37.r2.dev/suppliers/gildan/products/_variants/w400/1717/1717-berry-front.webp"}, {"name": "Black", "hex": "#25282A", "image": "https://pub-fbec7c9199f04af8ab95a413a4620d37.r2.dev/suppliers/gildan/products/_variants/w400/1717/1717-black-front.webp"}, {"name": "Blossom", "hex": "#F8BED6", "image": "https://pub-fbec7c9199f04af8ab95a413a4620d37.r2.dev/suppliers/gildan/products/_variants/w400/1717/1717-blossom-front.webp"}, {"name": "Blue Jean", "hex": "#647692", "image": "https://pub-fbec7c9199f04af8ab95a413a4620d37.r2.dev/suppliers/gildan/products/_variants/w400/1717/1717-blue-jean-front.webp"}, {"name": "Blue Spruce", "hex": "#3E5D58", "image": "https://pub-fbec7c9199f04af8ab95a413a4620d37.r2.dev/suppliers/gildan/products/_variants/w400/1717/1717-blue-spruce-front.webp"}, {"name": "Brick", "hex": "#8A1538", "image": "https://pub-fbec7c9199f04af8ab95a413a4620d37.r2.dev/suppliers/gildan/products/_variants/w400/1717/1717-brick-front.webp"}, {"name": "Bright Orange", "hex": "#FF8200", "image": "https://pub-fbec7c9199f04af8ab95a413a4620d37.r2.dev/suppliers/gildan/products/_variants/w400/1717/1717-bright-orange-front.webp"}, {"name": "Bright Salmon", "hex": "#FF6D6A", "image": "https://pub-fbec7c9199f04af8ab95a413a4620d37.r2.dev/suppliers/gildan/products/_variants/w400/1717/1717-bright-salmon-front.webp"}, {"name": "Burnt Orange", "hex": "#FF6900", "image": "https://pub-fbec7c9199f04af8ab95a413a4620d37.r2.dev/suppliers/gildan/products/_variants/w400/1717/1717-burnt-orange-front.webp"}, {"name": "Butter", "hex": "#F5E1A4", "image": "https://pub-fbec7c9199f04af8ab95a413a4620d37.r2.dev/suppliers/gildan/products/_variants/w400/1717/1717-butter-front.webp"}, {"name": "Chalky Mint", "hex": "#5CB8B2", "image": "https://pub-fbec7c9199f04af8ab95a413a4620d37.r2.dev/suppliers/gildan/products/_variants/w400/1717/1717-chalky-mint-front.webp"}, {"name": "Chambray", "hex": "#BDD6E6", "image": "https://pub-fbec7c9199f04af8ab95a413a4620d37.r2.dev/suppliers/gildan/products/_variants/w400/1717/1717-chambray-front.webp"}, {"name": "Chili", "hex": "#893C47", "image": "https://pub-fbec7c9199f04af8ab95a413a4620d37.r2.dev/suppliers/gildan/products/_variants/w400/1717/1717-chili-front.webp"}, {"name": "China Blue", "hex": "#002855", "image": "https://pub-fbec7c9199f04af8ab95a413a4620d37.r2.dev/suppliers/gildan/products/_variants/w400/1717/1717-china-blue-front.webp"}, {"name": "Citrus", "hex": "#FFC27B", "image": "https://pub-fbec7c9199f04af8ab95a413a4620d37.r2.dev/suppliers/gildan/products/_variants/w400/1717/1717-citrus-front.webp"}, {"name": "Crimson", "hex": "#A4123F", "image": "https://pub-fbec7c9199f04af8ab95a413a4620d37.r2.dev/suppliers/gildan/products/_variants/w400/1717/1717-crimson-front.webp"}, {"name": "Crunchberry", "hex": "#EF4A81", "image": "https://pub-fbec7c9199f04af8ab95a413a4620d37.r2.dev/suppliers/gildan/products/_variants/w400/1717/1717-crunchberry-front.webp"}, {"name": "DENIM", "hex": "#425563", "image": "https://pub-fbec7c9199f04af8ab95a413a4620d37.r2.dev/suppliers/gildan/products/_variants/w400/1717/1717-denim-front.webp"}, {"name": "Dusk", "hex": "#735B6A", "image": "https://pub-fbec7c9199f04af8ab95a413a4620d37.r2.dev/suppliers/gildan/products/_variants/w400/1717/1717-dusk-front.webp"}, {"name": "Emerald", "hex": "#00685E", "image": "https://pub-fbec7c9199f04af8ab95a413a4620d37.r2.dev/suppliers/gildan/products/_variants/w400/1717/1717-emerald-front.webp"}, {"name": "Espresso", "hex": "#553C36", "image": "https://pub-fbec7c9199f04af8ab95a413a4620d37.r2.dev/suppliers/gildan/products/_variants/w400/1717/1717-espresso-front.webp"}, {"name": "Flo Blue", "hex": "#5576D1", "image": "https://pub-fbec7c9199f04af8ab95a413a4620d37.r2.dev/suppliers/gildan/products/_variants/w400/1717/1717-flo-blue-front.webp"}, {"name": "Granite", "hex": "#7C878E", "image": "https://pub-fbec7c9199f04af8ab95a413a4620d37.r2.dev/suppliers/gildan/products/_variants/w400/1717/1717-granite-front.webp"}, {"name": "GRAPE", "hex": "#211551", "image": "https://pub-fbec7c9199f04af8ab95a413a4620d37.r2.dev/suppliers/gildan/products/_variants/w400/1717/1717-grape-front.webp"}, {"name": "Graphite", "hex": "#1D252D", "image": "https://pub-fbec7c9199f04af8ab95a413a4620d37.r2.dev/suppliers/gildan/products/_variants/w400/1717/1717-graphite-front.webp"}, {"name": "Grey", "hex": "#716E6A", "image": "https://pub-fbec7c9199f04af8ab95a413a4620d37.r2.dev/suppliers/gildan/products/_variants/w400/1717/1717-grey-front.webp"}, {"name": "Hemp", "hex": "#1C4220", "image": "https://pub-fbec7c9199f04af8ab95a413a4620d37.r2.dev/suppliers/gildan/products/_variants/w400/1717/1717-hemp-front.webp"}, {"name": "Hydrangea", "hex": "#A7BCD6", "image": "https://pub-fbec7c9199f04af8ab95a413a4620d37.r2.dev/suppliers/gildan/products/_variants/w400/1717/1717-hydrangea-front.webp"}, {"name": "Ice Blue", "hex": "#5B7F95", "image": "https://pub-fbec7c9199f04af8ab95a413a4620d37.r2.dev/suppliers/gildan/products/_variants/w400/1717/1717-ice-blue-front.webp"}, {"name": "Island Green", "hex": "#00957A", "image": "https://pub-fbec7c9199f04af8ab95a413a4620d37.r2.dev/suppliers/gildan/products/_variants/w400/1717/1717-island-green-front.webp"}, {"name": "Island Reef", "hex": "#8FE2B0", "image": "https://pub-fbec7c9199f04af8ab95a413a4620d37.r2.dev/suppliers/gildan/products/_variants/w400/1717/1717-island-reef-front.webp"}, {"name": "Ivory", "hex": "#E7CEB5", "image": "https://pub-fbec7c9199f04af8ab95a413a4620d37.r2.dev/suppliers/gildan/products/_variants/w400/1717/1717-ivory-front.webp"}, {"name": "Khaki", "hex": "#A09074", "image": "https://pub-fbec7c9199f04af8ab95a413a4620d37.r2.dev/suppliers/gildan/products/_variants/w400/1717/1717-khaki-front.webp"}, {"name": "Lagoon Blue", "hex": "#05C3DE", "image": "https://pub-fbec7c9199f04af8ab95a413a4620d37.r2.dev/suppliers/gildan/products/_variants/w400/1717/1717-lagoon-blue-front.webp"}, {"name": "Light Green", "hex": "#5C7F71", "image": "https://pub-fbec7c9199f04af8ab95a413a4620d37.r2.dev/suppliers/gildan/products/_variants/w400/1717/1717-light-green-front.webp"}, {"name": "Melon", "hex": "#FA9370", "image": "https://pub-fbec7c9199f04af8ab95a413a4620d37.r2.dev/suppliers/gildan/products/_variants/w400/1717/1717-melon-front.webp"}, {"name": "Midnight", "hex": "#1B365D", "image": "https://pub-fbec7c9199f04af8ab95a413a4620d37.r2.dev/suppliers/gildan/products/_variants/w400/1717/1717-midnight-front.webp"}, {"name": "Moss", "hex": "#22372B", "image": "https://pub-fbec7c9199f04af8ab95a413a4620d37.r2.dev/suppliers/gildan/products/_variants/w400/1717/1717-moss-front.webp"}, {"name": "Mustard", "hex": "#F2CD00", "image": "https://pub-fbec7c9199f04af8ab95a413a4620d37.r2.dev/suppliers/gildan/products/_variants/w400/1717/1717-mustard-front.webp"}, {"name": "Mystic_Blue", "hex": "", "image": "https://pub-fbec7c9199f04af8ab95a413a4620d37.r2.dev/suppliers/gildan/products/_variants/w400/1717/1717-mystic-blue-front.webp"}, {"name": "Navy", "hex": "#0C2340", "image": "https://pub-fbec7c9199f04af8ab95a413a4620d37.r2.dev/suppliers/gildan/products/_variants/w400/1717/1717-navy-front.webp"}, {"name": "Neon Cantaloupe", "hex": "#FFBBA4", "image": "https://pub-fbec7c9199f04af8ab95a413a4620d37.r2.dev/suppliers/gildan/products/_variants/w400/1717/1717-neon-cantaloupe-front.webp"}, {"name": "Neon Lemon", "hex": "#EFF4A4", "image": "https://pub-fbec7c9199f04af8ab95a413a4620d37.r2.dev/suppliers/gildan/products/_variants/w400/1717/1717-neon-lemon-front.webp"}, {"name": "NEON PINK", "hex": "#F04E98", "image": "https://pub-fbec7c9199f04af8ab95a413a4620d37.r2.dev/suppliers/gildan/products/_variants/w400/1717/1717-neon-pink-front.webp"}, {"name": "NEON RED ORANGE", "hex": "#FF585D", "image": "https://pub-fbec7c9199f04af8ab95a413a4620d37.r2.dev/suppliers/gildan/products/_variants/w400/1717/1717-neon-red-orange-front.webp"}, {"name": "Neon Violet", "hex": "#BF9BDE", "image": "https://pub-fbec7c9199f04af8ab95a413a4620d37.r2.dev/suppliers/gildan/products/_variants/w400/1717/1717-neon-violet-front.webp"}, {"name": "Orchid", "hex": "#C7B2DE", "image": "https://pub-fbec7c9199f04af8ab95a413a4620d37.r2.dev/suppliers/gildan/products/_variants/w400/1717/1717-orchid-front.webp"}, {"name": "Paprika", "hex": "#CE0037", "image": "https://pub-fbec7c9199f04af8ab95a413a4620d37.r2.dev/suppliers/gildan/products/_variants/w400/1717/1717-paprika-front.webp"}, {"name": "Peachy", "hex": "#EDAB9C", "image": "https://pub-fbec7c9199f04af8ab95a413a4620d37.r2.dev/suppliers/gildan/products/_variants/w400/1717/1717-peachy-front.webp"}, {"name": "Pepper", "hex": "#4E4B48", "image": "https://pub-fbec7c9199f04af8ab95a413a4620d37.r2.dev/suppliers/gildan/products/_variants/w400/1717/1717-pepper-front.webp"}, {"name": "Periwinkle", "hex": "#485CC7", "image": "https://pub-fbec7c9199f04af8ab95a413a4620d37.r2.dev/suppliers/gildan/products/_variants/w400/1717/1717-periwinkle-front.webp"}, {"name": "Red", "hex": "#C8102E", "image": "https://pub-fbec7c9199f04af8ab95a413a4620d37.r2.dev/suppliers/gildan/products/_variants/w400/1717/1717-red-front.webp"}, {"name": "Rose Quartz", "hex": "#E2ACD7", "image": "https://pub-fbec7c9199f04af8ab95a413a4620d37.r2.dev/suppliers/gildan/products/_variants/w400/1717/1717-rose-quartz-front.webp"}, {"name": "Royal Caribe", "hex": "#0082BA", "image": "https://pub-fbec7c9199f04af8ab95a413a4620d37.r2.dev/suppliers/gildan/products/_variants/w400/1717/1717-royal-caribe-front.webp"}, {"name": "Sage", "hex": "#3E4827", "image": "https://pub-fbec7c9199f04af8ab95a413a4620d37.r2.dev/suppliers/gildan/products/_variants/w400/1717/1717-sage-front.webp"}, {"name": "Sandstone", "hex": "#A69F88", "image": "https://pub-fbec7c9199f04af8ab95a413a4620d37.r2.dev/suppliers/gildan/products/_variants/w400/1717/1717-sandstone-front.webp"}, {"name": "Sapphire", "hex": "#007DBA", "image": "https://pub-fbec7c9199f04af8ab95a413a4620d37.r2.dev/suppliers/gildan/products/_variants/w400/1717/1717-sapphire-front.webp"}, {"name": "Seafoam", "hex": "#487A7B", "image": "https://pub-fbec7c9199f04af8ab95a413a4620d37.r2.dev/suppliers/gildan/products/_variants/w400/1717/1717-seafoam-front.webp"}, {"name": "Terracota", "hex": "#E3775E", "image": "https://pub-fbec7c9199f04af8ab95a413a4620d37.r2.dev/suppliers/gildan/products/_variants/w400/1717/1717-terracota-front.webp"}, {"name": "TRUE NAVY", "hex": "#0C2340", "image": "https://pub-fbec7c9199f04af8ab95a413a4620d37.r2.dev/suppliers/gildan/products/_variants/w400/1717/1717-true-navy-front.webp"}, {"name": "Violet", "hex": "#7474C1", "image": "https://pub-fbec7c9199f04af8ab95a413a4620d37.r2.dev/suppliers/gildan/products/_variants/w400/1717/1717-violet-front.webp"}, {"name": "Washed Denim", "hex": "#6787B7", "image": "https://pub-fbec7c9199f04af8ab95a413a4620d37.r2.dev/suppliers/gildan/products/_variants/w400/1717/1717-washed-denim-front.webp"}, {"name": "Watermelon", "hex": "#F4364C", "image": "https://pub-fbec7c9199f04af8ab95a413a4620d37.r2.dev/suppliers/gildan/products/_variants/w400/1717/1717-watermelon-front.webp"}, {"name": "WHITE", "hex": "#FFFFFF", "image": "https://pub-fbec7c9199f04af8ab95a413a4620d37.r2.dev/suppliers/gildan/products/_variants/w400/1717/1717-white-front.webp"}, {"name": "Wine", "hex": "#51284F", "image": "https://pub-fbec7c9199f04af8ab95a413a4620d37.r2.dev/suppliers/gildan/products/_variants/w400/1717/1717-wine-front.webp"}, {"name": "Yam", "hex": "#BE531C", "image": "https://pub-fbec7c9199f04af8ab95a413a4620d37.r2.dev/suppliers/gildan/products/_variants/w400/1717/1717-yam-front.webp"}]'::jsonb,'{"composition": "100% Combed Ring Spun US Cotton", "weight_gsm": "207", "fit": "Relaxed Fit"}'::jsonb,'["Fabric weight: 207g/㎡", "Fabric composition: 100% ring spun US cotton", "Pre-shrunk during the garment dye process for almost no shrinkage at home", "Our clean pigment dye colours use 50% less water than traditional pigment dye processes", "Garment-dyed soft ring spun fabric feels great against your skin", "Topstitched, classic width, rib collar", "Twill taped back neck for extra comfort and durability", "Relaxed fit, tubular body", "Signature twill label", "Proud member of the US Cotton Trust Protocol (USCTP) and Better Cotton", "Cotton products from Comfort Colors support more sustainable + ethical cotton farming"]'::jsonb,'{"unit": "cm", "measurements": [{"name": "Width (A)", "values": ["46", "51", "56", "61", "66", "70", "75"]}, {"name": "Length (B)", "values": ["68", "71", "75", "78", "80", "83", "85"]}, {"name": "Sleeve Center Back (D2)", "values": ["41", "45", "48", "52", "55", "59", "63"]}], "sizes": ["S", "M", "L", "XL", "2XL", "3XL", "4XL"]}'::jsonb,null,'{"Cotton"}','{"Screen Print","DTG","DTF","Embroidery"}',false,'local_stock');
insert into public.pricing_tiers (product_id,min_qty,base_price,sort_order) values ('97b5097e-c5a8-4724-ac04-2c10d2b2e548',20,11.25,1);
insert into public.product_colours (product_id,name,hex,images,sort_order) values ('97b5097e-c5a8-4724-ac04-2c10d2b2e548','Gallery',null,'["https://pub-fbec7c9199f04af8ab95a413a4620d37.r2.dev/suppliers/gildan/products/_variants/w400/1717/1717-bay-01.webp", "https://pub-fbec7c9199f04af8ab95a413a4620d37.r2.dev/suppliers/gildan/products/_variants/w400/1717/1717-bay-02.webp", "https://pub-fbec7c9199f04af8ab95a413a4620d37.r2.dev/suppliers/gildan/products/_variants/w400/1717/1717-bay-front.webp"]'::jsonb,0);
insert into public.products (id,supplier,supplier_name,supplier_sku,supplier_code,name,slug,category,gender,brand,description,short_desc,seo_description,meta_description,meta_title,min_qty,setup_fee,shipping,margin,status,is_published,decoration_required,decoration_model,colours,specs,features,size_chart,size_pricing,material_tags,print_methods,is_eco,fulfillment) values ('a0da8611-6ac8-43a7-b2c1-ac566046dbe9','Gildan Brands','Comfort Colors','1745','1745','Comfort Colors® 1745 T-Shirt','comfort-colors-1745-t-shirt-1745','T-Shirts','Unisex','Comfort Colors','Color Blast pigment-sprayed tee giving each shirt a unique dyed pattern, made from heavyweight ring-spun cotton.','Color Blast pigment-sprayed tee giving each shirt a unique dyed pattern, made from heavyweight ring-spun cotton.','Print your logo on the Comfort Colors® 1745 T-Shirt — 207 GSM. Screen Print/DTG/DTF/Embroidery from 20.','Custom printed Comfort Colors® 1745 T-Shirt by Comfort Colors. 100% Combed Ring Spun US Cotton. Screen Print/DTG/DTF/Embroidery, min 20. Fast Australia-wide.','Custom Printed Comfort Colors® 1745 T-Shirt | Comfort Colors',20,0,30,1.4,'active',false,true,'calculator','[{"name": "Amethyst", "hex": "#9595D2", "image": "https://pub-fbec7c9199f04af8ab95a413a4620d37.r2.dev/suppliers/gildan/products/_variants/w400/1745/1745-amethyst-front.webp"}, {"name": "Citrine", "hex": "#F4DA40", "image": "https://pub-fbec7c9199f04af8ab95a413a4620d37.r2.dev/suppliers/gildan/products/_variants/w400/1745/1745-citrine-front.webp"}, {"name": "Clay", "hex": "#A6093D", "image": "https://pub-fbec7c9199f04af8ab95a413a4620d37.r2.dev/suppliers/gildan/products/_variants/w400/1745/1745-clay-front.webp"}, {"name": "Fern", "hex": "#445A3E", "image": "https://pub-fbec7c9199f04af8ab95a413a4620d37.r2.dev/suppliers/gildan/products/_variants/w400/1745/1745-fern-front.webp"}, {"name": "Ocean", "hex": "#6E80A9", "image": "https://pub-fbec7c9199f04af8ab95a413a4620d37.r2.dev/suppliers/gildan/products/_variants/w400/1745/1745-ocean-front.webp"}, {"name": "Smoke", "hex": "#8C8985", "image": "https://pub-fbec7c9199f04af8ab95a413a4620d37.r2.dev/suppliers/gildan/products/_variants/w400/1745/1745-smoke-front.webp"}]'::jsonb,'{"composition": "100% Combed Ring Spun US Cotton", "weight_gsm": "207", "fit": "Relaxed Fit"}'::jsonb,'["Fabric weight: 207g/㎡", "Fabric composition: 100% ring spun US cotton", "Pre-shrunk during the garment dye process for almost no shrinkage at home", "Color Blast is a pigment dye technique that yields a unique colour and Color Blast effect on every garment. (We do not guarantee consistency amongst individual garments)", "Garment-dyed soft ring spun fabric feels great against your skin", "Double-needle topstitched, classic width collar", "Twill taped back neck for comfort and durability", "Relaxed fit, tubular body", "Signature twill label", "Our clean pigment dye colours use 50% less water than traditional pigment dye processes", "Proud member of the US Cotton Trust Protocol (USCTP) and Better Cotton", "Cotton products from Comfort Colors support more sustainable + ethical cotton farming"]'::jsonb,'{"unit": "cm", "measurements": [{"name": "Width (A)", "values": ["46", "51", "56", "61", "66", "70"]}, {"name": "Length (B)", "values": ["68", "71", "75", "78", "80", "83"]}, {"name": "Sleeve Center Back (D2)", "values": ["41", "45", "48", "52", "55", "59"]}], "sizes": ["S", "M", "L", "XL", "2XL", "3XL"]}'::jsonb,null,'{"Cotton"}','{"Screen Print","DTG","DTF","Embroidery"}',false,'local_stock');
insert into public.pricing_tiers (product_id,min_qty,base_price,sort_order) values ('a0da8611-6ac8-43a7-b2c1-ac566046dbe9',20,11.25,1);
insert into public.product_colours (product_id,name,hex,images,sort_order) values ('a0da8611-6ac8-43a7-b2c1-ac566046dbe9','Gallery',null,'["https://pub-fbec7c9199f04af8ab95a413a4620d37.r2.dev/suppliers/gildan/products/_variants/w400/1745/1745-amethyst-01.webp", "https://pub-fbec7c9199f04af8ab95a413a4620d37.r2.dev/suppliers/gildan/products/_variants/w400/1745/1745-amethyst-02.webp", "https://pub-fbec7c9199f04af8ab95a413a4620d37.r2.dev/suppliers/gildan/products/_variants/w400/1745/1745-amethyst-front.webp"]'::jsonb,0);
insert into public.products (id,supplier,supplier_name,supplier_sku,supplier_code,name,slug,category,gender,brand,description,short_desc,seo_description,meta_description,meta_title,min_qty,setup_fee,shipping,margin,status,is_published,decoration_required,decoration_model,colours,specs,features,size_chart,size_pricing,material_tags,print_methods,is_eco,fulfillment) values ('94186b2c-753c-49da-ace7-9bf8c81e63a2','Gildan Brands','Gildan','2000','2000','Gildan® Ultra Cotton® 2000 T-Shirt','gildan-ultra-cotton-2000-t-shirt-2000','T-Shirts','Unisex','Gildan','Ultra Cotton classic crewneck tee, heavyweight 100% US cotton built for durability and print quality.','Ultra Cotton classic crewneck tee, heavyweight 100% US cotton built for durability and print quality.','Print your logo on the Gildan® Ultra Cotton® 2000 T-Shirt — 203 GSM. Screen Print/DTG/DTF/Embroidery from 20.','Custom printed Gildan® Ultra Cotton® 2000 T-Shirt by Gildan. 100% US Cotton. Screen Print/DTG/DTF/Embroidery, min 20. Fast Australia-wide.','Custom Printed Gildan® Ultra Cotton® 2000 T-Shirt | Gildan',20,0,30,1.4,'active',false,true,'calculator','[{"name": "Azalea", "hex": "#DD74A1", "image": "https://pub-fbec7c9199f04af8ab95a413a4620d37.r2.dev/suppliers/gildan/products/_variants/w400/2000/2000-azalea-front.webp"}, {"name": "Black", "hex": "#25282A", "image": "https://pub-fbec7c9199f04af8ab95a413a4620d37.r2.dev/suppliers/gildan/products/_variants/w400/2000/2000-black-front.webp"}, {"name": "Blue Dusk", "hex": "#253746", "image": "https://pub-fbec7c9199f04af8ab95a413a4620d37.r2.dev/suppliers/gildan/products/_variants/w400/2000/2000-blue-dusk-front.webp"}, {"name": "Cardinal Red", "hex": "#8A1538", "image": "https://pub-fbec7c9199f04af8ab95a413a4620d37.r2.dev/suppliers/gildan/products/_variants/w400/2000/2000-cardinal-red-front.webp"}, {"name": "Cherry Red", "hex": "#A6192E", "image": "https://pub-fbec7c9199f04af8ab95a413a4620d37.r2.dev/suppliers/gildan/products/_variants/w400/2000/2000-cherry-red-front.webp"}, {"name": "Dark Heather", "hex": "#425563", "image": "https://pub-fbec7c9199f04af8ab95a413a4620d37.r2.dev/suppliers/gildan/products/_variants/w400/2000/2000-dark-heather-front.webp"}, {"name": "Heather Indigo", "hex": "#4D6995", "image": "https://pub-fbec7c9199f04af8ab95a413a4620d37.r2.dev/suppliers/gildan/products/_variants/w400/2000/2000-heather-indigo-front.webp"}, {"name": "Iris", "hex": "#407EC9", "image": "https://pub-fbec7c9199f04af8ab95a413a4620d37.r2.dev/suppliers/gildan/products/_variants/w400/2000/2000-iris-front.webp"}, {"name": "Jade Dome", "hex": "#00857D", "image": "https://pub-fbec7c9199f04af8ab95a413a4620d37.r2.dev/suppliers/gildan/products/_variants/w400/2000/2000-jade-dome-front.webp"}, {"name": "Kelly Green", "hex": "#007B5F", "image": "https://pub-fbec7c9199f04af8ab95a413a4620d37.r2.dev/suppliers/gildan/products/_variants/w400/2000/2000-kelly-green-front.webp"}, {"name": "Light Pink", "hex": "#E4C6D4", "image": "https://pub-fbec7c9199f04af8ab95a413a4620d37.r2.dev/suppliers/gildan/products/_variants/w400/2000/2000-light-pink-front.webp"}, {"name": "LightBlue", "hex": "", "image": "https://pub-fbec7c9199f04af8ab95a413a4620d37.r2.dev/suppliers/gildan/products/_variants/w400/2000/2000-lightblue-front.webp"}, {"name": "Metro Blue", "hex": "", "image": "https://pub-fbec7c9199f04af8ab95a413a4620d37.r2.dev/suppliers/gildan/products/_variants/w400/2000/2000-metro-blue-front.webp"}, {"name": "Natural", "hex": "#E7CEB5", "image": "https://pub-fbec7c9199f04af8ab95a413a4620d37.r2.dev/suppliers/gildan/products/_variants/w400/2000/2000-natural-front.webp"}, {"name": "Navy", "hex": "#202A44", "image": "https://pub-fbec7c9199f04af8ab95a413a4620d37.r2.dev/suppliers/gildan/products/_variants/w400/2000/2000-navy-front.webp"}, {"name": "Prairie Dust/Coyote Brown", "hex": "#7A7256", "image": "https://pub-fbec7c9199f04af8ab95a413a4620d37.r2.dev/suppliers/gildan/products/_variants/w400/2000/2000-prairie-dust-coyote-brown-front.webp"}, {"name": "Red", "hex": "#D50032", "image": "https://pub-fbec7c9199f04af8ab95a413a4620d37.r2.dev/suppliers/gildan/products/_variants/w400/2000/2000-red-front.webp"}, {"name": "Royal", "hex": "#1D4F91", "image": "https://pub-fbec7c9199f04af8ab95a413a4620d37.r2.dev/suppliers/gildan/products/_variants/w400/2000/2000-royal-front.webp"}, {"name": "Sport Grey", "hex": "#97999B", "image": "https://pub-fbec7c9199f04af8ab95a413a4620d37.r2.dev/suppliers/gildan/products/_variants/w400/2000/2000-sportgrey-front.webp"}, {"name": "Stone Blue", "hex": "#7E93A7", "image": "https://pub-fbec7c9199f04af8ab95a413a4620d37.r2.dev/suppliers/gildan/products/_variants/w400/2000/2000-stone-blue-front.webp"}, {"name": "T Orange", "hex": "#B15533", "image": "https://pub-fbec7c9199f04af8ab95a413a4620d37.r2.dev/suppliers/gildan/products/_variants/w400/2000/2000-t-orange-front.webp"}, {"name": "Tan", "hex": "#BD9A7A", "image": "https://pub-fbec7c9199f04af8ab95a413a4620d37.r2.dev/suppliers/gildan/products/_variants/w400/2000/2000-tan-front.webp"}, {"name": "White", "hex": "#FFFFFF", "image": "https://pub-fbec7c9199f04af8ab95a413a4620d37.r2.dev/suppliers/gildan/products/_variants/w400/2000/2000-white-front.webp"}]'::jsonb,'{"composition": "100% US Cotton", "weight_gsm": "203", "fit": "Classic Fit"}'::jsonb,'["Fabric weight: 203g/m²", "Fabric composition: 100% US cotton", "100% of our fabric cutting scraps are recycled into fiber and used in new products", "2.22cm rib collar", "Classic fit tubular body", "Classic heavyweight fabric", "Double-needle sleeve and bottom hems", "Tear away neck label", "Taped neck and shoulders", "33% of the energy used to manufacture our products comes from renewable resources", "Proudly using 100% US Cotton that is sustainably grown and ethically harvested.", "*Sport Grey - 90% Cotton, 10% Polyester", "*Heather Indigo & Kelly Green - 50% Cotton, 50% Polyester"]'::jsonb,'{"unit": "cm", "measurements": [{"name": "Width (A)", "values": [null, "46", "51", "56", "61", "66", "71", "76", "81"]}, {"name": "Length (B)", "values": [null, "71", "74", "76", "79", "81", "84", "86", "89"]}, {"name": "Sleeve Center Back (D2)", "values": [null, "39", "42", "46", "50", "53", "57", "60", "64"]}], "sizes": ["XS", "S", "M", "L", "XL", "2XL", "3XL", "4XL", "5XL"]}'::jsonb,'{"3XL": 10.5, "4XL": 11.34, "5XL": 11.34}'::jsonb,'{"Cotton"}','{"Screen Print","DTG","DTF","Embroidery"}',true,'local_stock');
insert into public.pricing_tiers (product_id,min_qty,base_price,sort_order) values ('94186b2c-753c-49da-ace7-9bf8c81e63a2',20,6.9,1);
insert into public.product_colours (product_id,name,hex,images,sort_order) values ('94186b2c-753c-49da-ace7-9bf8c81e63a2','Gallery',null,'["https://pub-fbec7c9199f04af8ab95a413a4620d37.r2.dev/suppliers/gildan/products/_variants/w400/2000/2000-azalea-01.webp", "https://pub-fbec7c9199f04af8ab95a413a4620d37.r2.dev/suppliers/gildan/products/_variants/w400/2000/2000-azalea-02.webp", "https://pub-fbec7c9199f04af8ab95a413a4620d37.r2.dev/suppliers/gildan/products/_variants/w400/2000/2000-azalea-front.webp"]'::jsonb,0);
insert into public.products (id,supplier,supplier_name,supplier_sku,supplier_code,name,slug,category,gender,brand,description,short_desc,seo_description,meta_description,meta_title,min_qty,setup_fee,shipping,margin,status,is_published,decoration_required,decoration_model,colours,specs,features,size_chart,size_pricing,material_tags,print_methods,is_eco,fulfillment) values ('66670b8d-3ac7-43d0-9ddc-4cbbed33ff27','Gildan Brands','American Apparel','2001','2001','American Apparel® 2001 T-Shirt','american-apparel-2001-t-shirt-2001','T-Shirts','Unisex','American Apparel','The iconic Fine Jersey crew tee in soft ring-spun cotton with a relaxed, everyday fit.','The iconic Fine Jersey crew tee in soft ring-spun cotton with a relaxed, everyday fit.','Print your logo on the American Apparel® 2001 T-Shirt — 153 GSM. Screen Print/DTG/DTF/Embroidery from 20.','Custom printed American Apparel® 2001 T-Shirt by American Apparel. 100% Combed Ring Spun Cotton. Screen Print/DTG/DTF/Embroidery, min 20. Fast Australia-wide.','Custom Printed American Apparel® 2001 T-Shirt | American Apparel',20,0,30,1.4,'active',false,true,'calculator','[{"name": "Arctic", "hex": "#648589", "image": "https://pub-fbec7c9199f04af8ab95a413a4620d37.r2.dev/suppliers/gildan/products/_variants/w400/2001/2001-arctic-front.webp"}, {"name": "Asphalt", "hex": "#53565A", "image": "https://pub-fbec7c9199f04af8ab95a413a4620d37.r2.dev/suppliers/gildan/products/_variants/w400/2001/2001-asphalt-front.webp"}, {"name": "Black", "hex": "#101820", "image": "https://pub-fbec7c9199f04af8ab95a413a4620d37.r2.dev/suppliers/gildan/products/_variants/w400/2001/2001-black-front.webp"}, {"name": "Blush", "hex": "#CCA1A6", "image": "https://pub-fbec7c9199f04af8ab95a413a4620d37.r2.dev/suppliers/gildan/products/_variants/w400/2001/2001-blush-front.webp"}, {"name": "Brown", "hex": "#5E514D", "image": "https://pub-fbec7c9199f04af8ab95a413a4620d37.r2.dev/suppliers/gildan/products/_variants/w400/2001/2001-brown-front.webp"}, {"name": "Burgundy", "hex": "#6F263D", "image": "https://pub-fbec7c9199f04af8ab95a413a4620d37.r2.dev/suppliers/gildan/products/_variants/w400/2001/2001-burgundy-front.webp"}, {"name": "Canyon", "hex": "#B66C6D", "image": "https://pub-fbec7c9199f04af8ab95a413a4620d37.r2.dev/suppliers/gildan/products/_variants/w400/2001/2001-canyon-front.webp"}, {"name": "Cardinal", "hex": "#8A1538", "image": "https://pub-fbec7c9199f04af8ab95a413a4620d37.r2.dev/suppliers/gildan/products/_variants/w400/2001/2001-cardinal-front.webp"}, {"name": "Celadon", "hex": "#6ECEB2", "image": "https://pub-fbec7c9199f04af8ab95a413a4620d37.r2.dev/suppliers/gildan/products/_variants/w400/2001/2001-celadon-front.webp"}, {"name": "Coral", "hex": "#FF585D", "image": "https://pub-fbec7c9199f04af8ab95a413a4620d37.r2.dev/suppliers/gildan/products/_variants/w400/2001/2001-coral-front.webp"}, {"name": "Cranberry", "hex": "#76232F", "image": "https://pub-fbec7c9199f04af8ab95a413a4620d37.r2.dev/suppliers/gildan/products/_variants/w400/2001/2001-cranberry-front.webp"}, {"name": "Cream", "hex": "#EFDBB2", "image": "https://pub-fbec7c9199f04af8ab95a413a4620d37.r2.dev/suppliers/gildan/products/_variants/w400/2001/2001-cream-front.webp"}, {"name": "Eggplant", "hex": "#4B3048", "image": "https://pub-fbec7c9199f04af8ab95a413a4620d37.r2.dev/suppliers/gildan/products/_variants/w400/2001/2001-eggplant-front.webp"}, {"name": "Forest", "hex": "#034638", "image": "https://pub-fbec7c9199f04af8ab95a413a4620d37.r2.dev/suppliers/gildan/products/_variants/w400/2001/2001-forest-front.webp"}, {"name": "Grape", "hex": "#514689", "image": "https://pub-fbec7c9199f04af8ab95a413a4620d37.r2.dev/suppliers/gildan/products/_variants/w400/2001/2001-grape-front.webp"}, {"name": "Heather Grey", "hex": "#97999B", "image": "https://pub-fbec7c9199f04af8ab95a413a4620d37.r2.dev/suppliers/gildan/products/_variants/w400/2001/2001-heather-grey-front.webp"}, {"name": "Lapis", "hex": "#151F6D", "image": "https://pub-fbec7c9199f04af8ab95a413a4620d37.r2.dev/suppliers/gildan/products/_variants/w400/2001/2001-lapis-front.webp"}, {"name": "Mustard", "hex": "#C3964D", "image": "https://pub-fbec7c9199f04af8ab95a413a4620d37.r2.dev/suppliers/gildan/products/_variants/w400/2001/2001-mustard-front.webp"}, {"name": "Navy", "hex": "#13294B", "image": "https://pub-fbec7c9199f04af8ab95a413a4620d37.r2.dev/suppliers/gildan/products/_variants/w400/2001/2001-navy-front.webp"}, {"name": "Nephrite", "hex": "#769358", "image": "https://pub-fbec7c9199f04af8ab95a413a4620d37.r2.dev/suppliers/gildan/products/_variants/w400/2001/2001-nephrite-front.webp"}, {"name": "New Silver", "hex": "#BBBCBC", "image": "https://pub-fbec7c9199f04af8ab95a413a4620d37.r2.dev/suppliers/gildan/products/_variants/w400/2001/2001-newsilver-front.webp"}, {"name": "Olive", "hex": "#3E4827", "image": "https://pub-fbec7c9199f04af8ab95a413a4620d37.r2.dev/suppliers/gildan/products/_variants/w400/2001/2001-olive-front.webp"}, {"name": "Orange", "hex": "#F4633A", "image": "https://pub-fbec7c9199f04af8ab95a413a4620d37.r2.dev/suppliers/gildan/products/_variants/w400/2001/2001-orange-front.webp"}, {"name": "Panna Cotta", "hex": "#FAE199", "image": "https://pub-fbec7c9199f04af8ab95a413a4620d37.r2.dev/suppliers/gildan/products/_variants/w400/2001/2001-panna-cotta-front.webp"}, {"name": "Pink", "hex": "", "image": "https://pub-fbec7c9199f04af8ab95a413a4620d37.r2.dev/suppliers/gildan/products/_variants/w400/2001/2001-pink-front.webp"}, {"name": "Powder Blue", "hex": "#A7BCD6", "image": "https://pub-fbec7c9199f04af8ab95a413a4620d37.r2.dev/suppliers/gildan/products/_variants/w400/2001/2001-powder-blue-front.webp"}, {"name": "Red", "hex": "#BA0C2F", "image": "https://pub-fbec7c9199f04af8ab95a413a4620d37.r2.dev/suppliers/gildan/products/_variants/w400/2001/2001-red-front.webp"}, {"name": "Royal Blue", "hex": "#1C57A5", "image": "https://pub-fbec7c9199f04af8ab95a413a4620d37.r2.dev/suppliers/gildan/products/_variants/w400/2001/2001-royal-blue-front.webp"}, {"name": "Rust", "hex": "", "image": "https://pub-fbec7c9199f04af8ab95a413a4620d37.r2.dev/suppliers/gildan/products/_variants/w400/2001/2001-rust-front.webp"}, {"name": "Sage", "hex": "", "image": "https://pub-fbec7c9199f04af8ab95a413a4620d37.r2.dev/suppliers/gildan/products/_variants/w400/2001/2001-sage-front.webp"}, {"name": "Sea Blue", "hex": "#315470", "image": "https://pub-fbec7c9199f04af8ab95a413a4620d37.r2.dev/suppliers/gildan/products/_variants/w400/2001/2001-sea-blue-front.webp"}, {"name": "Sea Spray", "hex": "", "image": "https://pub-fbec7c9199f04af8ab95a413a4620d37.r2.dev/suppliers/gildan/products/_variants/w400/2001/2001-sea-spray-front.webp"}, {"name": "Smokey Violet", "hex": "", "image": "https://pub-fbec7c9199f04af8ab95a413a4620d37.r2.dev/suppliers/gildan/products/_variants/w400/2001/2001-smokey-violet-front.webp"}, {"name": "Super Pink", "hex": "#A5307C", "image": "https://pub-fbec7c9199f04af8ab95a413a4620d37.r2.dev/suppliers/gildan/products/_variants/w400/2001/2001-super-pink-front.webp"}, {"name": "Teal", "hex": "#0092CB", "image": "https://pub-fbec7c9199f04af8ab95a413a4620d37.r2.dev/suppliers/gildan/products/_variants/w400/2001/2001-teal-front.webp"}, {"name": "White", "hex": "#FFFFFF", "image": "https://pub-fbec7c9199f04af8ab95a413a4620d37.r2.dev/suppliers/gildan/products/_variants/w400/2001/2001-white-front.webp"}]'::jsonb,'{"composition": "100% Combed Ring Spun Cotton", "weight_gsm": "153", "fit": "Relaxed Fit"}'::jsonb,'["Fabric Weight: 153g/㎡", "Fabric Composition: 100% Ring Spun Cotton", "Lightweight elevated basic style", "Soft combed ring spun fabric feels great against your skin", "Non-topstitched, classic width, rib collar", "Taped neck and shoulders for comfort and durability", "Relaxed fit, side seamed body", "100% Cotton thread on colour White", "Tear away label", "Proud Better Cotton member", "Cotton products from American Apparel support more sustainable + ethical cotton farming"]'::jsonb,'{"unit": "cm", "measurements": [{"name": "Width (A)", "values": [null, "46", "51", "56", "61", "66", "71"]}, {"name": "Length (B)", "values": [null, "72", "74", "77", "79", "82", "85"]}, {"name": "Sleeve Center Back (D2)", "values": [null, "42", "45", "47", "50", "52", "55"]}], "sizes": ["XS", "S", "M", "L", "XL", "2XL", "3XL"]}'::jsonb,'{"3XL": 15.75}'::jsonb,'{"Cotton"}','{"Screen Print","DTG","DTF","Embroidery"}',false,'local_stock');
insert into public.pricing_tiers (product_id,min_qty,base_price,sort_order) values ('66670b8d-3ac7-43d0-9ddc-4cbbed33ff27',20,7.95,1);
insert into public.product_colours (product_id,name,hex,images,sort_order) values ('66670b8d-3ac7-43d0-9ddc-4cbbed33ff27','Gallery',null,'["https://pub-fbec7c9199f04af8ab95a413a4620d37.r2.dev/suppliers/gildan/products/_variants/w400/2001/2001-arctic-01.webp", "https://pub-fbec7c9199f04af8ab95a413a4620d37.r2.dev/suppliers/gildan/products/_variants/w400/2001/2001-arctic-02.webp", "https://pub-fbec7c9199f04af8ab95a413a4620d37.r2.dev/suppliers/gildan/products/_variants/w400/2001/2001-arctic-front.webp"]'::jsonb,0);
insert into public.products (id,supplier,supplier_name,supplier_sku,supplier_code,name,slug,category,gender,brand,description,short_desc,seo_description,meta_description,meta_title,min_qty,setup_fee,shipping,margin,status,is_published,decoration_required,decoration_model,colours,specs,features,size_chart,size_pricing,material_tags,print_methods,is_eco,fulfillment) values ('bf1ef69a-bd2c-47a1-be4a-4e481324e76c','Gildan Brands','American Apparel','2007','2007','American Apparel® 2007 T-Shirt','american-apparel-2007-t-shirt-2007','T-Shirts','Unisex','American Apparel','Long-sleeve Fine Jersey tee in combed ring-spun cotton with ribbed cuffs and a relaxed fit.','Long-sleeve Fine Jersey tee in combed ring-spun cotton with ribbed cuffs and a relaxed fit.','Print your logo on the American Apparel® 2007 T-Shirt — 153 GSM. Screen Print/DTG/DTF/Embroidery from 20.','Custom printed American Apparel® 2007 T-Shirt by American Apparel. 100% Combed Ring Spun Cotton. Screen Print/DTG/DTF/Embroidery, min 20. Fast Australia-wide.','Custom Printed American Apparel® 2007 T-Shirt | American Apparel',20,0,30,1.4,'active',false,true,'calculator','[{"name": "Asphalt", "hex": "", "image": "https://pub-fbec7c9199f04af8ab95a413a4620d37.r2.dev/suppliers/gildan/products/_variants/w400/2007/2007-asphalt-front.webp"}, {"name": "Black", "hex": "", "image": "https://pub-fbec7c9199f04af8ab95a413a4620d37.r2.dev/suppliers/gildan/products/_variants/w400/2007/2007-black-front.webp"}, {"name": "Cranberry", "hex": "", "image": "https://pub-fbec7c9199f04af8ab95a413a4620d37.r2.dev/suppliers/gildan/products/_variants/w400/2007/2007-cranberry-front.webp"}, {"name": "Cream", "hex": "", "image": "https://pub-fbec7c9199f04af8ab95a413a4620d37.r2.dev/suppliers/gildan/products/_variants/w400/2007/2007-cream-front.webp"}, {"name": "HeatherGrey", "hex": "", "image": "https://pub-fbec7c9199f04af8ab95a413a4620d37.r2.dev/suppliers/gildan/products/_variants/w400/2007/2007-heathergrey-front.webp"}, {"name": "Navy", "hex": "", "image": "https://pub-fbec7c9199f04af8ab95a413a4620d37.r2.dev/suppliers/gildan/products/_variants/w400/2007/2007-navy-front.webp"}, {"name": "NewSilver", "hex": "", "image": "https://pub-fbec7c9199f04af8ab95a413a4620d37.r2.dev/suppliers/gildan/products/_variants/w400/2007/2007-newsilver-front.webp"}, {"name": "Olive", "hex": "", "image": "https://pub-fbec7c9199f04af8ab95a413a4620d37.r2.dev/suppliers/gildan/products/_variants/w400/2007/2007-olive-front.webp"}, {"name": "Red", "hex": "", "image": "https://pub-fbec7c9199f04af8ab95a413a4620d37.r2.dev/suppliers/gildan/products/_variants/w400/2007/2007-red-front.webp"}, {"name": "SeaBlue", "hex": "", "image": "https://pub-fbec7c9199f04af8ab95a413a4620d37.r2.dev/suppliers/gildan/products/_variants/w400/2007/2007-seablue-front.webp"}, {"name": "White", "hex": "", "image": "https://pub-fbec7c9199f04af8ab95a413a4620d37.r2.dev/suppliers/gildan/products/_variants/w400/2007/2007-white-front.webp"}]'::jsonb,'{"composition": "100% Combed Ring Spun Cotton", "weight_gsm": "153", "fit": "Relaxed Fit"}'::jsonb,'["Fabric Weight: 153g/㎡", "Fabric Composition: 100% Combed Ring Spun Cotton", "Lightweight elevated basic style", "Soft combed ring spun fabric feels great against your skin", "Non-topstitched, classic width, rib collar", "Taped neck and shoulders for comfort and durability", "Rib sleeve cuffs", "Relaxed fit, side seamed body", "100% Cotton thread on colour White", "Tear away label", "Proud Better Cotton member", "Cotton products from American Apparel support more sustainable + ethical cotton farming"]'::jsonb,'{"unit": "cm", "measurements": [{"name": "Width (A)", "values": ["46", "51", "56", "61", "66", "71"]}, {"name": "Length (B)", "values": ["72", "74", "77", "80", "82", "84"]}, {"name": "Sleeve Center Back (D2)", "values": ["89", "93", "95", "98", "100", "104"]}], "sizes": ["S", "M", "L", "XL", "2XL", "3XL"]}'::jsonb,null,'{"Cotton"}','{"Screen Print","DTG","DTF","Embroidery"}',false,'local_stock');
insert into public.pricing_tiers (product_id,min_qty,base_price,sort_order) values ('bf1ef69a-bd2c-47a1-be4a-4e481324e76c',20,12.3,1);
insert into public.product_colours (product_id,name,hex,images,sort_order) values ('bf1ef69a-bd2c-47a1-be4a-4e481324e76c','Gallery',null,'["https://pub-fbec7c9199f04af8ab95a413a4620d37.r2.dev/suppliers/gildan/products/_variants/w400/2007/2007-asphalt-01.webp", "https://pub-fbec7c9199f04af8ab95a413a4620d37.r2.dev/suppliers/gildan/products/_variants/w400/2007/2007-asphalt-02.webp", "https://pub-fbec7c9199f04af8ab95a413a4620d37.r2.dev/suppliers/gildan/products/_variants/w400/2007/2007-asphalt-front.webp"]'::jsonb,0);
insert into public.products (id,supplier,supplier_name,supplier_sku,supplier_code,name,slug,category,gender,brand,description,short_desc,seo_description,meta_description,meta_title,min_qty,setup_fee,shipping,margin,status,is_published,decoration_required,decoration_model,colours,specs,features,size_chart,size_pricing,material_tags,print_methods,is_eco,fulfillment) values ('82150866-38f0-4125-99dc-83356238920e','Gildan Brands','Gildan','2400','2400','Gildan® Ultra Cotton® 2400 T-Shirt','gildan-ultra-cotton-2400-t-shirt-2400','T-Shirts','Unisex','Gildan','Ultra Cotton long-sleeve tee in heavyweight US cotton with ribbed cuffs, classic fit.','Ultra Cotton long-sleeve tee in heavyweight US cotton with ribbed cuffs, classic fit.','Print your logo on the Gildan® Ultra Cotton® 2400 T-Shirt — 203 GSM. Screen Print/DTG/DTF/Embroidery from 20.','Custom printed Gildan® Ultra Cotton® 2400 T-Shirt by Gildan. 100% US Cotton. Screen Print/DTG/DTF/Embroidery, min 20. Fast Australia-wide.','Custom Printed Gildan® Ultra Cotton® 2400 T-Shirt | Gildan',20,0,30,1.4,'active',false,true,'calculator','[{"name": "Black", "hex": "#25282A", "image": "https://pub-fbec7c9199f04af8ab95a413a4620d37.r2.dev/suppliers/gildan/products/_variants/w400/2400/2400-black-front.webp"}, {"name": "Charcoal", "hex": "#63666A", "image": "https://pub-fbec7c9199f04af8ab95a413a4620d37.r2.dev/suppliers/gildan/products/_variants/w400/2400/2400-charcoal-front.webp"}, {"name": "Dark Heather", "hex": "#425563", "image": "https://pub-fbec7c9199f04af8ab95a413a4620d37.r2.dev/suppliers/gildan/products/_variants/w400/2400/2400-darkheather-front.webp"}, {"name": "Navy", "hex": "#202A44", "image": "https://pub-fbec7c9199f04af8ab95a413a4620d37.r2.dev/suppliers/gildan/products/_variants/w400/2400/2400-navy-front.webp"}, {"name": "Red", "hex": "#D50032", "image": "https://pub-fbec7c9199f04af8ab95a413a4620d37.r2.dev/suppliers/gildan/products/_variants/w400/2400/2400-red-front.webp"}, {"name": "Royal", "hex": "#1D4F91", "image": "https://pub-fbec7c9199f04af8ab95a413a4620d37.r2.dev/suppliers/gildan/products/_variants/w400/2400/2400-royal-front.webp"}, {"name": "Safety Green", "hex": "#C4D600", "image": "https://pub-fbec7c9199f04af8ab95a413a4620d37.r2.dev/suppliers/gildan/products/_variants/w400/2400/2400-safety-green-front.webp"}, {"name": "Safety Orange", "hex": "#FE5000", "image": "https://pub-fbec7c9199f04af8ab95a413a4620d37.r2.dev/suppliers/gildan/products/_variants/w400/2400/2400-safety-orange-front.webp"}, {"name": "Sport Grey", "hex": "#97999B", "image": "https://pub-fbec7c9199f04af8ab95a413a4620d37.r2.dev/suppliers/gildan/products/_variants/w400/2400/2400-sportgrey-front.webp"}, {"name": "White", "hex": "#FFFFFF", "image": "https://pub-fbec7c9199f04af8ab95a413a4620d37.r2.dev/suppliers/gildan/products/_variants/w400/2400/2400-white-front.webp"}]'::jsonb,'{"composition": "100% US Cotton", "weight_gsm": "203", "fit": "Classic Fit"}'::jsonb,'["Fabric weight: 203g/m²", "Fabric composition: 100% ring spun cotton", "100% of our fabric cutting scraps are recycled into fiber and used in new products", "33% of the energy used to manufacture our products comes from renewable resources", "2.22cm rib collar", "Classic fit tubular body", "Classic heavyweight fabric", "Double-needle bottom hem", "Fiber content varies by colour, see colour list for exceptions", "Grey pearlized tear away label", "Proudly using 100% US Cotton that is sustainably grown and ethically harvested.", "Rib cuffs", "Taped neck and shoulders", "Transitioning to New Grey Razor Label in 2022", "*Sport Grey - 90% Cotton, 10% Polyester", "*Dark Heather, Safety Green & S Orange - 50% Cotton, 50% Polyester"]'::jsonb,'{"unit": "cm", "measurements": [{"name": "Width (A)", "values": ["46", "51", "56", "61", "66", "71", "76", "81"]}, {"name": "Length (B)", "values": ["71", "74", "76", "79", "81", "84", "86", "89"]}, {"name": "Sleeve Center Back (D2)", "values": ["83", "86", "90", "94", "98", "98", "99", "100"]}], "sizes": ["S", "M", "L", "XL", "2XL", "3XL", "4XL", "5XL"]}'::jsonb,'{"3XL": 12.46, "4XL": 12.46, "5XL": 12.46}'::jsonb,'{"Cotton"}','{"Screen Print","DTG","DTF","Embroidery"}',true,'local_stock');
insert into public.pricing_tiers (product_id,min_qty,base_price,sort_order) values ('82150866-38f0-4125-99dc-83356238920e',20,8.75,1);
insert into public.product_colours (product_id,name,hex,images,sort_order) values ('82150866-38f0-4125-99dc-83356238920e','Gallery',null,'["https://pub-fbec7c9199f04af8ab95a413a4620d37.r2.dev/suppliers/gildan/products/_variants/w400/2400/2400-black-01.webp", "https://pub-fbec7c9199f04af8ab95a413a4620d37.r2.dev/suppliers/gildan/products/_variants/w400/2400/2400-black-02.webp", "https://pub-fbec7c9199f04af8ab95a413a4620d37.r2.dev/suppliers/gildan/products/_variants/w400/2400/2400-black-front.webp"]'::jsonb,0);
insert into public.products (id,supplier,supplier_name,supplier_sku,supplier_code,name,slug,category,gender,brand,description,short_desc,seo_description,meta_description,meta_title,min_qty,setup_fee,shipping,margin,status,is_published,decoration_required,decoration_model,colours,specs,features,size_chart,size_pricing,material_tags,print_methods,is_eco,fulfillment) values ('12d6a52d-edb9-4b76-b54e-92ffaef90646','Gildan Brands','American Apparel','2408','2408','American Apparel® 2408 Tank Top','american-apparel-2408-tank-top-2408','Tanks','Unisex','American Apparel','Fine Jersey tank top in soft combed cotton with bound edges and a relaxed unisex fit.','Fine Jersey tank top in soft combed cotton with bound edges and a relaxed unisex fit.','Print your logo on the American Apparel® 2408 Tank Top — 153 GSM. Screen Print/DTG/DTF/Embroidery from 20.','Custom printed American Apparel® 2408 Tank Top by American Apparel. 100% Combed Ring Spun Cotton. Screen Print/DTG/DTF/Embroidery, min 20. Fast Australia-wide.','Custom Printed American Apparel® 2408 Tank Top | American Apparel',20,0,30,1.4,'active',false,true,'calculator','[{"name": "Asphalt", "hex": "", "image": "https://pub-fbec7c9199f04af8ab95a413a4620d37.r2.dev/suppliers/gildan/products/_variants/w400/2408/2408-asphalt-front.webp"}, {"name": "Black", "hex": "", "image": "https://pub-fbec7c9199f04af8ab95a413a4620d37.r2.dev/suppliers/gildan/products/_variants/w400/2408/2408-black-front.webp"}, {"name": "HeatherGrey", "hex": "", "image": "https://pub-fbec7c9199f04af8ab95a413a4620d37.r2.dev/suppliers/gildan/products/_variants/w400/2408/2408-heathergrey-front.webp"}, {"name": "Lapis", "hex": "", "image": "https://pub-fbec7c9199f04af8ab95a413a4620d37.r2.dev/suppliers/gildan/products/_variants/w400/2408/2408-lapis-front.webp"}, {"name": "Navy", "hex": "", "image": "https://pub-fbec7c9199f04af8ab95a413a4620d37.r2.dev/suppliers/gildan/products/_variants/w400/2408/2408-navy-front.webp"}, {"name": "Red", "hex": "", "image": "https://pub-fbec7c9199f04af8ab95a413a4620d37.r2.dev/suppliers/gildan/products/_variants/w400/2408/2408-red-front.webp"}, {"name": "White", "hex": "", "image": "https://pub-fbec7c9199f04af8ab95a413a4620d37.r2.dev/suppliers/gildan/products/_variants/w400/2408/2408-white-front.webp"}]'::jsonb,'{"composition": "100% Combed Ring Spun Cotton", "weight_gsm": "153", "fit": "Relaxed Fit"}'::jsonb,'["Fabric Weight: 153g/㎡", "Fabric Composition: 100% Combed Ring Spun Cotton", "Lightweight elevated basic style", "Soft combed ring spun fabric feels great against your skin", "Binding at neckline and armholes", "Relaxed fit, side seamed body", "100% Cotton thread on colour White", "Tear away label", "Proud Better Cotton member", "Cotton products from American Apparel support more sustainable + ethical cotton farming"]'::jsonb,'{"unit": "cm", "measurements": [{"name": "Width (A)", "values": ["46", "51", "56", "61", "66"]}, {"name": "Length (B)", "values": ["72", "74", "77", "79", "82"]}], "sizes": ["S", "M", "L", "XL", "2XL"]}'::jsonb,null,'{"Cotton"}','{"Screen Print","DTG","DTF","Embroidery"}',false,'local_stock');
insert into public.pricing_tiers (product_id,min_qty,base_price,sort_order) values ('12d6a52d-edb9-4b76-b54e-92ffaef90646',20,7.9,1);
insert into public.product_colours (product_id,name,hex,images,sort_order) values ('12d6a52d-edb9-4b76-b54e-92ffaef90646','Gallery',null,'["https://pub-fbec7c9199f04af8ab95a413a4620d37.r2.dev/suppliers/gildan/products/_variants/w400/2408/2408-asphalt-01.webp", "https://pub-fbec7c9199f04af8ab95a413a4620d37.r2.dev/suppliers/gildan/products/_variants/w400/2408/2408-asphalt-02.webp", "https://pub-fbec7c9199f04af8ab95a413a4620d37.r2.dev/suppliers/gildan/products/_variants/w400/2408/2408-asphalt-front.webp"]'::jsonb,0);
insert into public.products (id,supplier,supplier_name,supplier_sku,supplier_code,name,slug,category,gender,brand,description,short_desc,seo_description,meta_description,meta_title,min_qty,setup_fee,shipping,margin,status,is_published,decoration_required,decoration_model,colours,specs,features,size_chart,size_pricing,material_tags,print_methods,is_eco,fulfillment) values ('dc032113-7ef0-4f0a-b776-4c8d0a9ffd91','Gildan Brands','Gildan','5000','5000','Gildan® Heavy Cotton® 5000 T-Shirt','gildan-heavy-cotton-5000-t-shirt-5000','T-Shirts','Unisex','Gildan','Heavy Cotton classic crewneck tee, midweight 100% US cotton with a reliable everyday fit.','Heavy Cotton classic crewneck tee, midweight 100% US cotton with a reliable everyday fit.','Print your logo on the Gildan® Heavy Cotton® 5000 T-Shirt — 180 GSM. Screen Print/DTG/DTF/Embroidery from 20.','Custom printed Gildan® Heavy Cotton® 5000 T-Shirt by Gildan. 100% US Cotton. Screen Print/DTG/DTF/Embroidery, min 20. Fast Australia-wide.','Custom Printed Gildan® Heavy Cotton® 5000 T-Shirt | Gildan',20,0,30,1.4,'active',false,true,'calculator','[{"name": "Antique Irish Green", "hex": "#00843D", "image": "https://pub-fbec7c9199f04af8ab95a413a4620d37.r2.dev/suppliers/gildan/products/_variants/w400/5000/5000-antique-irish-green-front.webp"}, {"name": "Antique Jade Dome", "hex": "#006269", "image": "https://pub-fbec7c9199f04af8ab95a413a4620d37.r2.dev/suppliers/gildan/products/_variants/w400/5000/5000-antique-jade-dome-front.webp"}, {"name": "Antique Orange", "hex": "#B33D26", "image": "https://pub-fbec7c9199f04af8ab95a413a4620d37.r2.dev/suppliers/gildan/products/_variants/w400/5000/5000-antique-orange-front.webp"}, {"name": "Antique Sapphire", "hex": "#006A8E", "image": "https://pub-fbec7c9199f04af8ab95a413a4620d37.r2.dev/suppliers/gildan/products/_variants/w400/5000/5000-antique-sapphire-front.webp"}, {"name": "Ash Grey", "hex": "", "image": "https://pub-fbec7c9199f04af8ab95a413a4620d37.r2.dev/suppliers/gildan/products/_variants/w400/5000/5000-ash-grey-front.webp"}, {"name": "Black", "hex": "#25282A", "image": "https://pub-fbec7c9199f04af8ab95a413a4620d37.r2.dev/suppliers/gildan/products/_variants/w400/5000/5000-black-front.webp"}, {"name": "Charcoal", "hex": "#63666A", "image": "https://pub-fbec7c9199f04af8ab95a413a4620d37.r2.dev/suppliers/gildan/products/_variants/w400/5000/5000-charcoal-front.webp"}, {"name": "Coral Silk", "hex": "#FB637E", "image": "https://pub-fbec7c9199f04af8ab95a413a4620d37.r2.dev/suppliers/gildan/products/_variants/w400/5000/5000-coral-silk-front.webp"}, {"name": "Cornsilk", "hex": "#F0EC74", "image": "https://pub-fbec7c9199f04af8ab95a413a4620d37.r2.dev/suppliers/gildan/products/_variants/w400/5000/5000-cornsilk-front.webp"}, {"name": "Daisy", "hex": "#FED141", "image": "https://pub-fbec7c9199f04af8ab95a413a4620d37.r2.dev/suppliers/gildan/products/_variants/w400/5000/5000-daisy-front.webp"}, {"name": "Forest Green", "hex": "#183029", "image": "https://pub-fbec7c9199f04af8ab95a413a4620d37.r2.dev/suppliers/gildan/products/_variants/w400/5000/5000-forest-green-front.webp"}, {"name": "Gold", "hex": "#FFB81C", "image": "https://pub-fbec7c9199f04af8ab95a413a4620d37.r2.dev/suppliers/gildan/products/_variants/w400/5000/5000-gold-front.webp"}, {"name": "Graphite Heather", "hex": "#707372", "image": "https://pub-fbec7c9199f04af8ab95a413a4620d37.r2.dev/suppliers/gildan/products/_variants/w400/5000/5000-graphite-heather-front.webp"}, {"name": "Heather Red", "hex": "#BF0D3E", "image": "https://pub-fbec7c9199f04af8ab95a413a4620d37.r2.dev/suppliers/gildan/products/_variants/w400/5000/5000-heather-red-front.webp"}, {"name": "Heliconia", "hex": "#E31C79", "image": "https://pub-fbec7c9199f04af8ab95a413a4620d37.r2.dev/suppliers/gildan/products/_variants/w400/5000/5000-heliconia-front.webp"}, {"name": "Ice Grey", "hex": "#D7D2CB", "image": "https://pub-fbec7c9199f04af8ab95a413a4620d37.r2.dev/suppliers/gildan/products/_variants/w400/5000/5000-ice-grey-front.webp"}, {"name": "Indigo Blue", "hex": "#4F758B", "image": "https://pub-fbec7c9199f04af8ab95a413a4620d37.r2.dev/suppliers/gildan/products/_variants/w400/5000/5000-indigo-blue-front.webp"}, {"name": "Irish Green", "hex": "#00A74A", "image": "https://pub-fbec7c9199f04af8ab95a413a4620d37.r2.dev/suppliers/gildan/products/_variants/w400/5000/5000-irish-green-front.webp"}, {"name": "Light Blue", "hex": "#A4C8E1", "image": "https://pub-fbec7c9199f04af8ab95a413a4620d37.r2.dev/suppliers/gildan/products/_variants/w400/5000/5000-lightblue-front.webp"}, {"name": "Lime", "hex": "#78D64B", "image": "https://pub-fbec7c9199f04af8ab95a413a4620d37.r2.dev/suppliers/gildan/products/_variants/w400/5000/5000-lime-front.webp"}, {"name": "Maroon", "hex": "#582D40", "image": "https://pub-fbec7c9199f04af8ab95a413a4620d37.r2.dev/suppliers/gildan/products/_variants/w400/5000/5000-maroon-front.webp"}, {"name": "Military Green", "hex": "#5E7461", "image": "https://pub-fbec7c9199f04af8ab95a413a4620d37.r2.dev/suppliers/gildan/products/_variants/w400/5000/5000-military-green-front.webp"}, {"name": "Navy", "hex": "#202A44", "image": "https://pub-fbec7c9199f04af8ab95a413a4620d37.r2.dev/suppliers/gildan/products/_variants/w400/5000/5000-navy-front.webp"}, {"name": "Orange", "hex": "#F4633A", "image": "https://pub-fbec7c9199f04af8ab95a413a4620d37.r2.dev/suppliers/gildan/products/_variants/w400/5000/5000-orange-front.webp"}, {"name": "Purple", "hex": "#351F65", "image": "https://pub-fbec7c9199f04af8ab95a413a4620d37.r2.dev/suppliers/gildan/products/_variants/w400/5000/5000-purple-front.webp"}, {"name": "Red", "hex": "#D50032", "image": "https://pub-fbec7c9199f04af8ab95a413a4620d37.r2.dev/suppliers/gildan/products/_variants/w400/5000/5000-red-front.webp"}, {"name": "Royal", "hex": "#1D4F91", "image": "https://pub-fbec7c9199f04af8ab95a413a4620d37.r2.dev/suppliers/gildan/products/_variants/w400/5000/5000-royal-front.webp"}, {"name": "Safety Green", "hex": "#C4D600", "image": "https://pub-fbec7c9199f04af8ab95a413a4620d37.r2.dev/suppliers/gildan/products/_variants/w400/5000/5000-safety-green-front.webp"}, {"name": "Safety Orange", "hex": "#FE5000", "image": "https://pub-fbec7c9199f04af8ab95a413a4620d37.r2.dev/suppliers/gildan/products/_variants/w400/5000/5000-safety-orange-front.webp"}, {"name": "Sand", "hex": "#C5B9AC", "image": "https://pub-fbec7c9199f04af8ab95a413a4620d37.r2.dev/suppliers/gildan/products/_variants/w400/5000/5000-sand-front.webp"}, {"name": "Sapphire", "hex": "#0067A0", "image": "https://pub-fbec7c9199f04af8ab95a413a4620d37.r2.dev/suppliers/gildan/products/_variants/w400/5000/5000-sapphire-front.webp"}, {"name": "Sport Grey", "hex": "#97999B", "image": "https://pub-fbec7c9199f04af8ab95a413a4620d37.r2.dev/suppliers/gildan/products/_variants/w400/5000/5000-sportgrey-front.webp"}, {"name": "White", "hex": "#FFFFFF", "image": "https://pub-fbec7c9199f04af8ab95a413a4620d37.r2.dev/suppliers/gildan/products/_variants/w400/5000/5000-white-front.webp"}]'::jsonb,'{"composition": "100% US Cotton", "weight_gsm": "180", "fit": "Classic Fit"}'::jsonb,'["Fabric weight: 180g/m²", "Fabric composition: 100% US Cotton", "2.22cm rib collar", "Classic fit tubular body", "Classic midweight fabric", "Double-needle sleeve and bottom hems", "Grey pearlized tear away label", "Taped neck and shoulders", "*Sport Grey & Antique Colours - 90% Cotton, 10% Polyester", "*Ash Grey - 99% Cotton, 1% Polyester", "*Safety Green & S Orange - 50% Cotton, 50% Polyester"]'::jsonb,'{"unit": "cm", "measurements": [{"name": "Width (A)", "values": ["46", "51", "56", "61", "66", "71", "76", "81"]}, {"name": "Length (B)", "values": ["71", "74", "76", "79", "81", "84", "86", "89"]}, {"name": "Sleeve Center Back (D2)", "values": ["40", "43", "47", "51", "55", "58", "62", "64"]}], "sizes": ["S", "M", "L", "XL", "2XL", "3XL", "4XL", "5XL"]}'::jsonb,'{"3XL": 10.43, "4XL": 11.2, "5XL": 11.2}'::jsonb,'{"Cotton"}','{"Screen Print","DTG","DTF","Embroidery"}',false,'local_stock');
insert into public.pricing_tiers (product_id,min_qty,base_price,sort_order) values ('dc032113-7ef0-4f0a-b776-4c8d0a9ffd91',20,6.25,1);
insert into public.product_colours (product_id,name,hex,images,sort_order) values ('dc032113-7ef0-4f0a-b776-4c8d0a9ffd91','Gallery',null,'["https://pub-fbec7c9199f04af8ab95a413a4620d37.r2.dev/suppliers/gildan/products/_variants/w400/5000/5000-antiqueirishgreen-01.webp", "https://pub-fbec7c9199f04af8ab95a413a4620d37.r2.dev/suppliers/gildan/products/_variants/w400/5000/5000-antiqueirishgreen-02.webp", "https://pub-fbec7c9199f04af8ab95a413a4620d37.r2.dev/suppliers/gildan/products/_variants/w400/5000/5000-antique-irish-green-front.webp"]'::jsonb,0);
insert into public.products (id,supplier,supplier_name,supplier_sku,supplier_code,name,slug,category,gender,brand,description,short_desc,seo_description,meta_description,meta_title,min_qty,setup_fee,shipping,margin,status,is_published,decoration_required,decoration_model,colours,specs,features,size_chart,size_pricing,material_tags,print_methods,is_eco,fulfillment) values ('0854f701-ff94-4d07-a3ae-a5c80d95cad3','Gildan Brands','Gildan','5200','5200','Gildan® Heavy Cotton® 5200 Tank Top','gildan-heavy-cotton-5200-tank-top-5200','Tanks','Unisex','Gildan','Heavy Cotton tank top with bound neck and armholes in breathable midweight cotton.','Heavy Cotton tank top with bound neck and armholes in breathable midweight cotton.','Print your logo on the Gildan® Heavy Cotton® 5200 Tank Top — 180 GSM. Screen Print/DTG/DTF/Embroidery from 20.','Custom printed Gildan® Heavy Cotton® 5200 Tank Top by Gildan. 100% US Cotton. Screen Print/DTG/DTF/Embroidery, min 20. Fast Australia-wide.','Custom Printed Gildan® Heavy Cotton® 5200 Tank Top | Gildan',20,0,30,1.4,'active',false,true,'calculator','[{"name": "Black", "hex": "#25282A", "image": "https://pub-fbec7c9199f04af8ab95a413a4620d37.r2.dev/suppliers/gildan/products/_variants/w400/5200/5200-black-front.webp"}, {"name": "Navy", "hex": "#202A44", "image": "https://pub-fbec7c9199f04af8ab95a413a4620d37.r2.dev/suppliers/gildan/products/_variants/w400/5200/5200-navy-front.webp"}, {"name": "Red", "hex": "#D50032", "image": "https://pub-fbec7c9199f04af8ab95a413a4620d37.r2.dev/suppliers/gildan/products/_variants/w400/5200/5200-red-front.webp"}, {"name": "Royal", "hex": "#1D4F91", "image": "https://pub-fbec7c9199f04af8ab95a413a4620d37.r2.dev/suppliers/gildan/products/_variants/w400/5200/5200-royal-front.webp"}, {"name": "Sport Grey", "hex": "#97999B", "image": "https://pub-fbec7c9199f04af8ab95a413a4620d37.r2.dev/suppliers/gildan/products/_variants/w400/5200/5200-sportgrey-front.webp"}, {"name": "White", "hex": "#FFFFFF", "image": "https://pub-fbec7c9199f04af8ab95a413a4620d37.r2.dev/suppliers/gildan/products/_variants/w400/5200/5200-white-front.webp"}]'::jsonb,'{"composition": "100% US Cotton", "weight_gsm": "180", "fit": "Classic Fit"}'::jsonb,'["Fabric weight: 180g/m²", "Fabric composition: 100% ring spun cotton", "100% of our fabric cutting scraps are recycled into fiber and used in new products", "33% of the energy used to manufacture our products comes from renewable resources", "Bound neck and armholes", "Classic fit side seamed body", "Classic midweight fabric", "Double-needle bottom hem", "Grey pearlized tear away label", "Proudly using 100% US Cotton that is sustainably grown and ethically harvested.", "Transitioning to New Grey Razor Label in 2022", "*Sport Grey - 90% Cotton, 10% Polyester"]'::jsonb,'{"unit": "cm", "measurements": [{"name": "Width (A)", "values": ["46", "51", "56", "61", "66", "71"]}, {"name": "Length (B)", "values": ["71", "74", "76", "79", "81", "84"]}], "sizes": ["S", "M", "L", "XL", "2XL", "3XL"]}'::jsonb,'{"3XL": 9.59}'::jsonb,'{"Cotton"}','{"Screen Print","DTG","DTF","Embroidery"}',true,'local_stock');
insert into public.pricing_tiers (product_id,min_qty,base_price,sort_order) values ('0854f701-ff94-4d07-a3ae-a5c80d95cad3',20,6.25,1);
insert into public.product_colours (product_id,name,hex,images,sort_order) values ('0854f701-ff94-4d07-a3ae-a5c80d95cad3','Gallery',null,'["https://pub-fbec7c9199f04af8ab95a413a4620d37.r2.dev/suppliers/gildan/products/_variants/w400/5200/5200-black-01.webp", "https://pub-fbec7c9199f04af8ab95a413a4620d37.r2.dev/suppliers/gildan/products/_variants/w400/5200/5200-black-02.webp", "https://pub-fbec7c9199f04af8ab95a413a4620d37.r2.dev/suppliers/gildan/products/_variants/w400/5200/5200-black-front.webp"]'::jsonb,0);
insert into public.products (id,supplier,supplier_name,supplier_sku,supplier_code,name,slug,category,gender,brand,description,short_desc,seo_description,meta_description,meta_title,min_qty,setup_fee,shipping,margin,status,is_published,decoration_required,decoration_model,colours,specs,features,size_chart,size_pricing,material_tags,print_methods,is_eco,fulfillment) values ('001635ff-2f48-4c4b-aca7-5b2a451ce67b','Gildan Brands','American Apparel','5389','5389','American Apparel® 5389 T-Shirt','american-apparel-5389-t-shirt-5389','T-Shirts','Unisex','American Apparel','Ultra-soft sueded cotton T-shirt with a relaxed fit and ribbed collar for everyday wear.','Ultra-soft sueded cotton T-shirt with a relaxed fit and ribbed collar for everyday wear.','Print your logo on the American Apparel® 5389 T-Shirt — 175 GSM. Screen Print/DTG/DTF/Embroidery from 20.','Custom printed American Apparel® 5389 T-Shirt by American Apparel. 100% Combed Ring Spun Cotton. Screen Print/DTG/DTF/Embroidery, min 20. Fast Australia-wide.','Custom Printed American Apparel® 5389 T-Shirt | American Apparel',20,0,30,1.4,'active',false,true,'calculator','[{"name": "SuededArctic", "hex": "", "image": "https://pub-fbec7c9199f04af8ab95a413a4620d37.r2.dev/suppliers/gildan/products/_variants/w400/5389/5389-suededarctic-front.webp"}, {"name": "Sueded Asphalt", "hex": "#53565A", "image": "https://pub-fbec7c9199f04af8ab95a413a4620d37.r2.dev/suppliers/gildan/products/_variants/w400/5389/5389-suededasphalt-front.webp"}, {"name": "SuededBlack", "hex": "", "image": "https://pub-fbec7c9199f04af8ab95a413a4620d37.r2.dev/suppliers/gildan/products/_variants/w400/5389/5389-suededblack-front.webp"}, {"name": "Sueded Lieutenant", "hex": "#65665C", "image": "https://pub-fbec7c9199f04af8ab95a413a4620d37.r2.dev/suppliers/gildan/products/_variants/w400/5389/5389-suededlieutenant-front.webp"}, {"name": "SuededNavy", "hex": "", "image": "https://pub-fbec7c9199f04af8ab95a413a4620d37.r2.dev/suppliers/gildan/products/_variants/w400/5389/5389-suedednavy-front.webp"}, {"name": "White", "hex": "#FFFFFF", "image": "https://pub-fbec7c9199f04af8ab95a413a4620d37.r2.dev/suppliers/gildan/products/_variants/w400/5389/5389-white-front.webp"}]'::jsonb,'{"composition": "100% Combed Ring Spun Cotton", "weight_gsm": "175", "fit": "Relaxed Fit"}'::jsonb,'["Fabric Weight: 175g/㎡", "Fabric Composition: 100% Combed Ring Spun Cotton", "Sueded jersey fabric creates an ultra plush, soft hand feel.", "Self-fabric back neck tape for comfort and durability", "Classic width, rib collar", "Relaxed fit, side seamed body", "Recycled tear away label", "Proud member of the U.S. Cotton Trust Protocol", "Made with OEKO-TEX certified low-impact dyes", "Plastic waste is diverted from landfills annually by the removal of polybags from all products except colour White"]'::jsonb,'{"unit": "cm", "measurements": [{"name": "Width (A)", "values": ["48", "52", "56", "61", "66", "71"]}, {"name": "Length (B)", "values": ["72", "75", "77", "80", "82", "85"]}, {"name": "Sleeve Center Back (D2)", "values": ["43", "46", "49", "53", "57", "60"]}], "sizes": ["S", "M", "L", "XL", "2XL", "3XL"]}'::jsonb,null,'{"Cotton"}','{"Screen Print","DTG","DTF","Embroidery"}',true,'local_stock');
insert into public.pricing_tiers (product_id,min_qty,base_price,sort_order) values ('001635ff-2f48-4c4b-aca7-5b2a451ce67b',20,11.7,1);
insert into public.product_colours (product_id,name,hex,images,sort_order) values ('001635ff-2f48-4c4b-aca7-5b2a451ce67b','Gallery',null,'["https://pub-fbec7c9199f04af8ab95a413a4620d37.r2.dev/suppliers/gildan/products/_variants/w400/5389/5389-arctic-01.webp", "https://pub-fbec7c9199f04af8ab95a413a4620d37.r2.dev/suppliers/gildan/products/_variants/w400/5389/5389-arctic-02.webp", "https://pub-fbec7c9199f04af8ab95a413a4620d37.r2.dev/suppliers/gildan/products/_variants/w400/5389/5389-suededarctic-front.webp"]'::jsonb,0);
insert into public.products (id,supplier,supplier_name,supplier_sku,supplier_code,name,slug,category,gender,brand,description,short_desc,seo_description,meta_description,meta_title,min_qty,setup_fee,shipping,margin,status,is_published,decoration_required,decoration_model,colours,specs,features,size_chart,size_pricing,material_tags,print_methods,is_eco,fulfillment) values ('da7f6ca2-f7ae-4677-aa50-5274a8f090f5','Gildan Brands','Gildan','5400','5400','Gildan® Heavy Cotton® 5400 T-Shirt','gildan-heavy-cotton-5400-t-shirt-5400','T-Shirts','Unisex','Gildan','Heavy Cotton long-sleeve tee in midweight cotton with ribbed cuffs and collar.','Heavy Cotton long-sleeve tee in midweight cotton with ribbed cuffs and collar.','Print your logo on the Gildan® Heavy Cotton® 5400 T-Shirt — 180 GSM. Screen Print/DTG/DTF/Embroidery from 20.','Custom printed Gildan® Heavy Cotton® 5400 T-Shirt by Gildan. 100% US Cotton. Screen Print/DTG/DTF/Embroidery, min 20. Fast Australia-wide.','Custom Printed Gildan® Heavy Cotton® 5400 T-Shirt | Gildan',20,0,30,1.4,'active',false,true,'calculator','[{"name": "Ash Grey", "hex": "", "image": "https://pub-fbec7c9199f04af8ab95a413a4620d37.r2.dev/suppliers/gildan/products/_variants/w400/5400/5400-ash-grey-front.webp"}, {"name": "Black", "hex": "#25282A", "image": "https://pub-fbec7c9199f04af8ab95a413a4620d37.r2.dev/suppliers/gildan/products/_variants/w400/5400/5400-black-front.webp"}, {"name": "White", "hex": "#FFFFFF", "image": "https://pub-fbec7c9199f04af8ab95a413a4620d37.r2.dev/suppliers/gildan/products/_variants/w400/5400/5400-white-front.webp"}]'::jsonb,'{"composition": "100% US Cotton", "weight_gsm": "180", "fit": "Classic Fit"}'::jsonb,'["Fabric weight: 180g/m²", "Fabric composition: 100% US Cotton", "2.22cm rib collar", "Classic fit tubular body", "Classic midweight fabric", "Double-needle bottom hem", "Rib cuffs", "Taped neck and shoulders", "Fiber content varies by color, see color list for exceptions", "Proudly using 100% US Cotton that is sustainably grown and ethically harvested.", "100% of our fabric cutting scraps are recycled into fiber and used in new products", "33% of the energy used to manufacture our products comes from renewable resources", "*Sport Grey - 90% Cotton, 10% Polyester", "*Ash Grey - 99% Cotton, 1% Polyester"]'::jsonb,'{"unit": "cm", "measurements": [{"name": "Width (A)", "values": ["46", "51", "56", "61", "66", "71"]}, {"name": "Length (B)", "values": ["71", "74", "76", "79", "81", "84"]}, {"name": "Sleeve Center Back (D2)", "values": ["83", "86", "90", "94", "98", "98"]}], "sizes": ["S", "M", "L", "XL", "2XL", "3XL"]}'::jsonb,null,'{"Cotton"}','{"Screen Print","DTG","DTF","Embroidery"}',true,'local_stock');
insert into public.pricing_tiers (product_id,min_qty,base_price,sort_order) values ('da7f6ca2-f7ae-4677-aa50-5274a8f090f5',20,8.0,1);
insert into public.product_colours (product_id,name,hex,images,sort_order) values ('da7f6ca2-f7ae-4677-aa50-5274a8f090f5','Gallery',null,'["https://pub-fbec7c9199f04af8ab95a413a4620d37.r2.dev/suppliers/gildan/products/_variants/w400/5400/5400-ashgrey-01.webp", "https://pub-fbec7c9199f04af8ab95a413a4620d37.r2.dev/suppliers/gildan/products/_variants/w400/5400/5400-ashgrey-02.webp", "https://pub-fbec7c9199f04af8ab95a413a4620d37.r2.dev/suppliers/gildan/products/_variants/w400/5400/5400-ash-grey-front.webp"]'::jsonb,0);
insert into public.products (id,supplier,supplier_name,supplier_sku,supplier_code,name,slug,category,gender,brand,description,short_desc,seo_description,meta_description,meta_title,min_qty,setup_fee,shipping,margin,status,is_published,decoration_required,decoration_model,colours,specs,features,size_chart,size_pricing,material_tags,print_methods,is_eco,fulfillment) values ('9ea5ee53-fc63-40f8-a82a-419a113b279b','Gildan Brands','American Apparel','9001','9001','American Apparel® 9001 T-Shirt','american-apparel-9001-t-shirt-9001','T-Shirts','Unisex','American Apparel','Oversized heavyweight tee blending ring-spun cotton and polyester for a relaxed streetwear look.','Oversized heavyweight tee blending ring-spun cotton and polyester for a relaxed streetwear look.','Print your logo on the American Apparel® 9001 T-Shirt — 300 GSM. Screen Print/DTG/DTF/Embroidery from 20.','Custom printed American Apparel® 9001 T-Shirt by American Apparel. 80% Ring Spun Cotton / 20% Polyester. Screen Print/DTG/DTF/Embroidery, min 20. Fast Australia-wide.','Custom Printed American Apparel® 9001 T-Shirt | American Apparel',20,0,30,1.4,'active',false,true,'calculator','[{"name": "Black", "hex": "#101820", "image": "https://pub-fbec7c9199f04af8ab95a413a4620d37.r2.dev/suppliers/gildan/products/_variants/w400/9001/9001-black-front.webp"}, {"name": "Bone", "hex": "#D1C1A8", "image": "https://pub-fbec7c9199f04af8ab95a413a4620d37.r2.dev/suppliers/gildan/products/_variants/w400/9001/9001-bone-front.webp"}, {"name": "Brown", "hex": "#5E514D", "image": "https://pub-fbec7c9199f04af8ab95a413a4620d37.r2.dev/suppliers/gildan/products/_variants/w400/9001/9001-brown-front.webp"}, {"name": "Burgundy", "hex": "#6F263D", "image": "https://pub-fbec7c9199f04af8ab95a413a4620d37.r2.dev/suppliers/gildan/products/_variants/w400/9001/9001-burgundy-front.webp"}, {"name": "Gravel", "hex": "#888B8D", "image": "https://pub-fbec7c9199f04af8ab95a413a4620d37.r2.dev/suppliers/gildan/products/_variants/w400/9001/9001-gravel-front.webp"}, {"name": "Lieutenant", "hex": "#65665C", "image": "https://pub-fbec7c9199f04af8ab95a413a4620d37.r2.dev/suppliers/gildan/products/_variants/w400/9001/9001-lieutenant-front.webp"}, {"name": "Rust", "hex": "#944A1F", "image": "https://pub-fbec7c9199f04af8ab95a413a4620d37.r2.dev/suppliers/gildan/products/_variants/w400/9001/9001-rust-front.webp"}, {"name": "Sea Blue", "hex": "#315470", "image": "https://pub-fbec7c9199f04af8ab95a413a4620d37.r2.dev/suppliers/gildan/products/_variants/w400/9001/9001-seablue-front.webp"}, {"name": "Smokey Violet", "hex": "#948794", "image": "https://pub-fbec7c9199f04af8ab95a413a4620d37.r2.dev/suppliers/gildan/products/_variants/w400/9001/9001-smokeyviolet-front.webp"}, {"name": "White", "hex": "#FFFFFF", "image": "https://pub-fbec7c9199f04af8ab95a413a4620d37.r2.dev/suppliers/gildan/products/_variants/w400/9001/9001-white-front.webp"}]'::jsonb,'{"composition": "80% Ring Spun Cotton / 20% Polyester", "weight_gsm": "300", "fit": "Relaxed Fit"}'::jsonb,'["Fabric weight: 300g/m²", "Fabric Composition: 80% Ring Spun Cotton, 20% Polyester", "Oversized Fit with Side Seamed Body", "Wide 2x2 rib collar", "Taped neck and shoulders for comfort and durability", "Rolled forward drop shoulder", "Recycled tear away label", "Proud member of the U.S. Cotton Trust Protocol", "Made with OEKO-TEX certified low-impact dyes", "Rough & Tumble, Durable fabric"]'::jsonb,'{"unit": "cm", "measurements": [{"name": "Width (A)", "values": ["50", "53", "58", "64", "69", "74"]}, {"name": "Length (B)", "values": ["71", "74", "76", "79", "81", "84"]}, {"name": "Sleeve Center Back (D2)", "values": ["45", "47", "50", "52", "53", "54"]}], "sizes": ["S", "M", "L", "XL", "2XL", "3XL"]}'::jsonb,null,'{"Cotton","Polyester"}','{"Screen Print","DTG","DTF","Embroidery"}',true,'local_stock');
insert into public.pricing_tiers (product_id,min_qty,base_price,sort_order) values ('9ea5ee53-fc63-40f8-a82a-419a113b279b',20,11.25,1);
insert into public.product_colours (product_id,name,hex,images,sort_order) values ('9ea5ee53-fc63-40f8-a82a-419a113b279b','Gallery',null,'["https://pub-fbec7c9199f04af8ab95a413a4620d37.r2.dev/suppliers/gildan/products/_variants/w400/9001/9001-black-01.webp", "https://pub-fbec7c9199f04af8ab95a413a4620d37.r2.dev/suppliers/gildan/products/_variants/w400/9001/9001-black-02.webp", "https://pub-fbec7c9199f04af8ab95a413a4620d37.r2.dev/suppliers/gildan/products/_variants/w400/9001/9001-black-front.webp"]'::jsonb,0);
insert into public.products (id,supplier,supplier_name,supplier_sku,supplier_code,name,slug,category,gender,brand,description,short_desc,seo_description,meta_description,meta_title,min_qty,setup_fee,shipping,margin,status,is_published,decoration_required,decoration_model,colours,specs,features,size_chart,size_pricing,material_tags,print_methods,is_eco,fulfillment) values ('7725d652-36ca-4267-b219-1676d2783330','Gildan Brands','Comfort Colors','9360','9360','Comfort Colors® 9360 Tank Top','comfort-colors-9360-tank-top-9360','Tanks','Unisex','Comfort Colors','Garment-dyed heavyweight tank top with bound neck and armholes for a relaxed, breathable fit.','Garment-dyed heavyweight tank top with bound neck and armholes for a relaxed, breathable fit.','Print your logo on the Comfort Colors® 9360 Tank Top — 207 GSM. Screen Print/DTG/DTF/Embroidery from 20.','Custom printed Comfort Colors® 9360 Tank Top by Comfort Colors. 100% Combed Ring Spun US Cotton. Screen Print/DTG/DTF/Embroidery, min 20. Fast Australia-wide.','Custom Printed Comfort Colors® 9360 Tank Top | Comfort Colors',20,0,30,1.4,'active',false,true,'calculator','[{"name": "Black", "hex": "#25282A", "image": "https://pub-fbec7c9199f04af8ab95a413a4620d37.r2.dev/suppliers/gildan/products/_variants/w400/9360/9360-black-front.webp"}, {"name": "Ivory", "hex": "#E7CEB5", "image": "https://pub-fbec7c9199f04af8ab95a413a4620d37.r2.dev/suppliers/gildan/products/_variants/w400/9360/9360-ivory-front.webp"}, {"name": "Pepper", "hex": "#4E4B48", "image": "https://pub-fbec7c9199f04af8ab95a413a4620d37.r2.dev/suppliers/gildan/products/_variants/w400/9360/9360-pepper-front.webp"}, {"name": "Sandstone", "hex": "#A69F88", "image": "https://pub-fbec7c9199f04af8ab95a413a4620d37.r2.dev/suppliers/gildan/products/_variants/w400/9360/9360-sandstone-front.webp"}, {"name": "White", "hex": "#FFFFFF", "image": "https://pub-fbec7c9199f04af8ab95a413a4620d37.r2.dev/suppliers/gildan/products/_variants/w400/9360/9360-white-front.webp"}]'::jsonb,'{"composition": "100% Combed Ring Spun US Cotton", "weight_gsm": "207", "fit": "Relaxed Fit"}'::jsonb,'["Fabric weight: 207g/㎡", "Fabric composition: 100% ring spun US cotton", "Pre-shrunk during the garment dye process for almost no shrinkage at home", "Our clean pigment dye colours use 50% less water than traditional pigment dye processes", "Garment-dyed soft ring spun fabric feels great against your skin", "Bound self-fabric neck and armholes", "Relaxed fit, tubular body", "Signature twill label", "Proud member of the US Cotton Trust Protocol (USCTP) and Better Cotton", "Cotton products from Comfort Colors support more sustainable + ethical cotton farming"]'::jsonb,'{"unit": "cm", "measurements": [{"name": "Width (A)", "values": ["44", "50", "54", "58", "64", "69"]}, {"name": "Length (B)", "values": ["68", "71", "75", "78", "80", "83"]}], "sizes": ["S", "M", "L", "XL", "2XL", "3XL"]}'::jsonb,null,'{"Cotton"}','{"Screen Print","DTG","DTF","Embroidery"}',false,'local_stock');
insert into public.pricing_tiers (product_id,min_qty,base_price,sort_order) values ('7725d652-36ca-4267-b219-1676d2783330',20,9.25,1);
insert into public.product_colours (product_id,name,hex,images,sort_order) values ('7725d652-36ca-4267-b219-1676d2783330','Gallery',null,'["https://pub-fbec7c9199f04af8ab95a413a4620d37.r2.dev/suppliers/gildan/products/_variants/w400/9360/9360-black-01.webp", "https://pub-fbec7c9199f04af8ab95a413a4620d37.r2.dev/suppliers/gildan/products/_variants/w400/9360/9360-black-02.webp", "https://pub-fbec7c9199f04af8ab95a413a4620d37.r2.dev/suppliers/gildan/products/_variants/w400/9360/9360-black-front.webp"]'::jsonb,0);
insert into public.products (id,supplier,supplier_name,supplier_sku,supplier_code,name,slug,category,gender,brand,description,short_desc,seo_description,meta_description,meta_title,min_qty,setup_fee,shipping,margin,status,is_published,decoration_required,decoration_model,colours,specs,features,size_chart,size_pricing,material_tags,print_methods,is_eco,fulfillment) values ('351188c1-8183-48e7-88ad-81dbb97e026b','Gildan Brands','American Apparel','9410','9410','American Apparel® 9410 T-Shirt','american-apparel-9410-t-shirt-9410','T-Shirts','Unisex','American Apparel','Oversized heavyweight long-sleeve pocket tee in a cotton-polyester blend for a relaxed fit.','Oversized heavyweight long-sleeve pocket tee in a cotton-polyester blend for a relaxed fit.','Print your logo on the American Apparel® 9410 T-Shirt — 300 GSM. Screen Print/DTG/DTF/Embroidery from 20.','Custom printed American Apparel® 9410 T-Shirt by American Apparel. 80% Ring Spun Cotton / 20% Polyester. Screen Print/DTG/DTF/Embroidery, min 20. Fast Australia-wide.','Custom Printed American Apparel® 9410 T-Shirt | American Apparel',20,0,30,1.4,'active',false,true,'calculator','[{"name": "Black", "hex": "#101820", "image": "https://pub-fbec7c9199f04af8ab95a413a4620d37.r2.dev/suppliers/gildan/products/_variants/w400/9410/9410-black-front.webp"}, {"name": "Bone", "hex": "#D1C1A8", "image": "https://pub-fbec7c9199f04af8ab95a413a4620d37.r2.dev/suppliers/gildan/products/_variants/w400/9410/9410-bone-front.webp"}, {"name": "Brown", "hex": "#5E514D", "image": "https://pub-fbec7c9199f04af8ab95a413a4620d37.r2.dev/suppliers/gildan/products/_variants/w400/9410/9410-brown-front.webp"}, {"name": "Gravel", "hex": "#888B8D", "image": "https://pub-fbec7c9199f04af8ab95a413a4620d37.r2.dev/suppliers/gildan/products/_variants/w400/9410/9410-gravel-front.webp"}, {"name": "Lieutenant", "hex": "#65665C", "image": "https://pub-fbec7c9199f04af8ab95a413a4620d37.r2.dev/suppliers/gildan/products/_variants/w400/9410/9410-lieutenant-front.webp"}, {"name": "Sea Blue", "hex": "#315470", "image": "https://pub-fbec7c9199f04af8ab95a413a4620d37.r2.dev/suppliers/gildan/products/_variants/w400/9410/9410-sea-blue-front.webp"}, {"name": "White", "hex": "#FFFFFF", "image": "https://pub-fbec7c9199f04af8ab95a413a4620d37.r2.dev/suppliers/gildan/products/_variants/w400/9410/9410-white-front.webp"}]'::jsonb,'{"composition": "80% Ring Spun Cotton / 20% Polyester", "weight_gsm": "300", "fit": "Relaxed Fit"}'::jsonb,'["Fabric weight: 300g/m²", "Fabric Composition: 80% Ring Spun Cotton, 20% Polyester", "Oversized Fit with Side Seamed Body", "Rib Cuffs", "Wide 2x2 rib collar", "Large left chest pocket ideal for decorating", "Taped neck and shoulders for comfort and durability", "Rolled forward drop shoulder", "Recycled tear away label", "Proud member of the U.S. Cotton Trust Protocol", "Made with OEKO-TEX certified low-impact dyes", "Rough & Tumble, Durable fabric"]'::jsonb,'{"unit": "cm", "measurements": [{"name": "Width (A)", "values": ["50", "53", "58", "64", "69", "74"]}, {"name": "Length (B)", "values": ["71", "74", "76", "79", "81", "84"]}, {"name": "Sleeve Center Back (D2)", "values": ["85", "87", "90", "92", "93", "94"]}], "sizes": ["S", "M", "L", "XL", "2XL", "3XL"]}'::jsonb,null,'{"Cotton","Polyester"}','{"Screen Print","DTG","DTF","Embroidery"}',true,'local_stock');
insert into public.pricing_tiers (product_id,min_qty,base_price,sort_order) values ('351188c1-8183-48e7-88ad-81dbb97e026b',20,15.75,1);
insert into public.product_colours (product_id,name,hex,images,sort_order) values ('351188c1-8183-48e7-88ad-81dbb97e026b','Gallery',null,'["https://pub-fbec7c9199f04af8ab95a413a4620d37.r2.dev/suppliers/gildan/products/_variants/w400/9410/9410-black-01.webp", "https://pub-fbec7c9199f04af8ab95a413a4620d37.r2.dev/suppliers/gildan/products/_variants/w400/9410/9410-black-02.webp", "https://pub-fbec7c9199f04af8ab95a413a4620d37.r2.dev/suppliers/gildan/products/_variants/w400/9410/9410-black-front.webp"]'::jsonb,0);
insert into public.products (id,supplier,supplier_name,supplier_sku,supplier_code,name,slug,category,gender,brand,description,short_desc,seo_description,meta_description,meta_title,min_qty,setup_fee,shipping,margin,status,is_published,decoration_required,decoration_model,colours,specs,features,size_chart,size_pricing,material_tags,print_methods,is_eco,fulfillment) values ('44295d57-dbab-4122-bf91-41977b90b093','Gildan Brands','Gildan','18000','18000','Gildan® Heavy Blend® 18000 Crewneck','gildan-heavy-blend-18000-crewneck-18000','Sweatshirts','Unisex','Gildan','Heavy Blend fleece crewneck sweatshirt with a classic fit, cotton-poly blend for everyday warmth.','Heavy Blend fleece crewneck sweatshirt with a classic fit, cotton-poly blend for everyday warmth.','Print your logo on the Gildan® Heavy Blend® 18000 Crewneck — 271 GSM. Screen Print/DTG/DTF/Embroidery from 20.','Custom printed Gildan® Heavy Blend® 18000 Crewneck by Gildan. 50% Cotton / 50% Polyester. Screen Print/DTG/DTF/Embroidery, min 20. Fast Australia-wide.','Custom Printed Gildan® Heavy Blend® 18000 Crewneck | Gildan',20,0,30,1.4,'active',false,true,'calculator','[{"name": "Ash", "hex": "#C8C9C7", "image": "https://pub-fbec7c9199f04af8ab95a413a4620d37.r2.dev/suppliers/gildan/products/_variants/w400/18000/18000-ash-front.webp"}, {"name": "Black", "hex": "#25282A", "image": "https://pub-fbec7c9199f04af8ab95a413a4620d37.r2.dev/suppliers/gildan/products/_variants/w400/18000/18000-black-front.webp"}, {"name": "Dark Chocolate", "hex": "#382F2D", "image": "https://pub-fbec7c9199f04af8ab95a413a4620d37.r2.dev/suppliers/gildan/products/_variants/w400/18000/18000-dark-chocolate-front.webp"}, {"name": "Dark Heather", "hex": "#425563", "image": "https://pub-fbec7c9199f04af8ab95a413a4620d37.r2.dev/suppliers/gildan/products/_variants/w400/18000/18000-dark-heather-front.webp"}, {"name": "Forest Green", "hex": "#183029", "image": "https://pub-fbec7c9199f04af8ab95a413a4620d37.r2.dev/suppliers/gildan/products/_variants/w400/18000/18000-forestgreen-front.webp"}, {"name": "Heather Dark Green", "hex": "", "image": "https://pub-fbec7c9199f04af8ab95a413a4620d37.r2.dev/suppliers/gildan/products/_variants/w400/18000/18000-heather-dark-green-front.webp"}, {"name": "Heather Dark Maroon", "hex": "", "image": "https://pub-fbec7c9199f04af8ab95a413a4620d37.r2.dev/suppliers/gildan/products/_variants/w400/18000/18000-heather-dark-maroon-front.webp"}, {"name": "Heather Dark Navy", "hex": "", "image": "https://pub-fbec7c9199f04af8ab95a413a4620d37.r2.dev/suppliers/gildan/products/_variants/w400/18000/18000-heather-dark-navy-front.webp"}, {"name": "Heather Deep Royal", "hex": "", "image": "https://pub-fbec7c9199f04af8ab95a413a4620d37.r2.dev/suppliers/gildan/products/_variants/w400/18000/18000-heather-deep-royal-front.webp"}, {"name": "Heather Scarlet Red", "hex": "", "image": "https://pub-fbec7c9199f04af8ab95a413a4620d37.r2.dev/suppliers/gildan/products/_variants/w400/18000/18000-heather-scarlet-red-front.webp"}, {"name": "Heather Sports Grey", "hex": "", "image": "https://pub-fbec7c9199f04af8ab95a413a4620d37.r2.dev/suppliers/gildan/products/_variants/w400/18000/18000-heather-sports-grey-front.webp"}, {"name": "Light Blue", "hex": "#A4C8E1", "image": "https://pub-fbec7c9199f04af8ab95a413a4620d37.r2.dev/suppliers/gildan/products/_variants/w400/18000/18000-light-blue-front.webp"}, {"name": "Light Pink", "hex": "#E4C6D4", "image": "https://pub-fbec7c9199f04af8ab95a413a4620d37.r2.dev/suppliers/gildan/products/_variants/w400/18000/18000-light-pink-front.webp"}, {"name": "Maroon", "hex": "#582D40", "image": "https://pub-fbec7c9199f04af8ab95a413a4620d37.r2.dev/suppliers/gildan/products/_variants/w400/18000/18000-maroon-front.webp"}, {"name": "Military Green", "hex": "#5E7461", "image": "https://pub-fbec7c9199f04af8ab95a413a4620d37.r2.dev/suppliers/gildan/products/_variants/w400/18000/18000-military-green-front.webp"}, {"name": "Navy", "hex": "#202A44", "image": "https://pub-fbec7c9199f04af8ab95a413a4620d37.r2.dev/suppliers/gildan/products/_variants/w400/18000/18000-navy-front.webp"}, {"name": "Red", "hex": "", "image": "https://pub-fbec7c9199f04af8ab95a413a4620d37.r2.dev/suppliers/gildan/products/_variants/w400/18000/18000-red-front.webp"}, {"name": "Royal", "hex": "#224D8F", "image": "https://pub-fbec7c9199f04af8ab95a413a4620d37.r2.dev/suppliers/gildan/products/_variants/w400/18000/18000-royal-front.webp"}, {"name": "Sand", "hex": "#CABFAD", "image": "https://pub-fbec7c9199f04af8ab95a413a4620d37.r2.dev/suppliers/gildan/products/_variants/w400/18000/18000-sand-front.webp"}, {"name": "White", "hex": "#FFFFFF", "image": "https://pub-fbec7c9199f04af8ab95a413a4620d37.r2.dev/suppliers/gildan/products/_variants/w400/18000/18000-white-front.webp"}]'::jsonb,'{"composition": "50% Cotton / 50% Polyester", "weight_gsm": "271", "fit": "Classic Fit"}'::jsonb,'["Fabric weight: 271g/m²", "Fabric composition: 50% ring spun cotton, 50% polyester", "100% of our fabric cutting scraps are recycled into fiber and used in new products", "1x1 rib with spandex for enhanced stretch and recovery", "33% of the energy used to manufacture our products comes from renewable resources", "Classic fit tubular body", "Double-needle stitching at shoulders, armholes, neck, waistband and cuffs", "Tear away label", "Spun yarn for softer feel and reduced pilling", "*Heather Colours - 60% Polyester, 40% Cotton"]'::jsonb,'{"unit": "cm", "measurements": [{"name": "Width (A)", "values": [null, "51", "56", "61", "66", "71", "76", "81", "86"]}, {"name": "Length (B)", "values": [null, "69", "71", "74", "76", "79", "81", "84", "86"]}, {"name": "Sleeve Center Back (D2)", "values": [null, "85", "88", "90", "93", "95", "98", "100", "103"]}], "sizes": ["XS", "S", "M", "L", "XL", "2XL", "3XL", "4XL", "5XL"]}'::jsonb,'{"3XL": 26.46, "4XL": 26.46, "5XL": 26.46}'::jsonb,'{"Cotton","Polyester"}','{"Screen Print","DTG","DTF","Embroidery"}',true,'local_stock');
insert into public.pricing_tiers (product_id,min_qty,base_price,sort_order) values ('44295d57-dbab-4122-bf91-41977b90b093',20,15.25,1);
insert into public.product_colours (product_id,name,hex,images,sort_order) values ('44295d57-dbab-4122-bf91-41977b90b093','Gallery',null,'["https://pub-fbec7c9199f04af8ab95a413a4620d37.r2.dev/suppliers/gildan/products/_variants/w400/18000/18000-ash-01.webp", "https://pub-fbec7c9199f04af8ab95a413a4620d37.r2.dev/suppliers/gildan/products/_variants/w400/18000/18000-ash-02.webp", "https://pub-fbec7c9199f04af8ab95a413a4620d37.r2.dev/suppliers/gildan/products/_variants/w400/18000/18000-ash-front.webp"]'::jsonb,0);
insert into public.products (id,supplier,supplier_name,supplier_sku,supplier_code,name,slug,category,gender,brand,description,short_desc,seo_description,meta_description,meta_title,min_qty,setup_fee,shipping,margin,status,is_published,decoration_required,decoration_model,colours,specs,features,size_chart,size_pricing,material_tags,print_methods,is_eco,fulfillment) values ('d6f9f935-4cb9-4473-8a85-1f60df5a52dc','Gildan Brands','Gildan','18500','18500','Gildan® Heavy Blend® 18500 Hoodie','gildan-heavy-blend-18500-hoodie-18500','Hoodies','Unisex','Gildan','Heavy Blend pullover hoodie with double-lined hood and front pocket, cotton-poly fleece blend.','Heavy Blend pullover hoodie with double-lined hood and front pocket, cotton-poly fleece blend.','Print your logo on the Gildan® Heavy Blend® 18500 Hoodie — 271 GSM. Screen Print/DTG/DTF/Embroidery from 20.','Custom printed Gildan® Heavy Blend® 18500 Hoodie by Gildan. 50% ring spun cotton, 50% polyester. Screen Print/DTG/DTF/Embroidery, min 20. Fast Australia-wide.','Custom Printed Gildan® Heavy Blend® 18500 Hoodie | Gildan',20,0,30,1.4,'active',false,true,'calculator','[{"name": "Ash", "hex": "", "image": "https://pub-fbec7c9199f04af8ab95a413a4620d37.r2.dev/suppliers/gildan/products/_variants/w400/18500/18500-ash-front.webp"}, {"name": "Black", "hex": "#25282A", "image": "https://pub-fbec7c9199f04af8ab95a413a4620d37.r2.dev/suppliers/gildan/products/_variants/w400/18500/18500-black-front.webp"}, {"name": "Cherry Red", "hex": "#A6192E", "image": "https://pub-fbec7c9199f04af8ab95a413a4620d37.r2.dev/suppliers/gildan/products/_variants/w400/18500/18500-cherry-red-front.webp"}, {"name": "Dark Chocolate", "hex": "#382F2D", "image": "https://pub-fbec7c9199f04af8ab95a413a4620d37.r2.dev/suppliers/gildan/products/_variants/w400/18500/18500-dark-chocolate-front.webp"}, {"name": "Dark Heather", "hex": "#425563", "image": "https://pub-fbec7c9199f04af8ab95a413a4620d37.r2.dev/suppliers/gildan/products/_variants/w400/18500/18500-dark-heather-front.webp"}, {"name": "Forest Green", "hex": "#183029", "image": "https://pub-fbec7c9199f04af8ab95a413a4620d37.r2.dev/suppliers/gildan/products/_variants/w400/18500/18500-forest-green-front.webp"}, {"name": "Heather Dark Green", "hex": "", "image": "https://pub-fbec7c9199f04af8ab95a413a4620d37.r2.dev/suppliers/gildan/products/_variants/w400/18500/18500-heather-dark-green-front.webp"}, {"name": "Heather Dark Maroon", "hex": "", "image": "https://pub-fbec7c9199f04af8ab95a413a4620d37.r2.dev/suppliers/gildan/products/_variants/w400/18500/18500-heather-dark-maroon-front.webp"}, {"name": "Heather Dark Navy", "hex": "", "image": "https://pub-fbec7c9199f04af8ab95a413a4620d37.r2.dev/suppliers/gildan/products/_variants/w400/18500/18500-heather-dark-navy-front.webp"}, {"name": "Heather Deep Royal", "hex": "", "image": "https://pub-fbec7c9199f04af8ab95a413a4620d37.r2.dev/suppliers/gildan/products/_variants/w400/18500/18500-heather-deep-royal-front.webp"}, {"name": "Heather Scarlet Red", "hex": "", "image": "https://pub-fbec7c9199f04af8ab95a413a4620d37.r2.dev/suppliers/gildan/products/_variants/w400/18500/18500-heather-scarlet-red-front.webp"}, {"name": "Heliconia", "hex": "#E31C79", "image": "https://pub-fbec7c9199f04af8ab95a413a4620d37.r2.dev/suppliers/gildan/products/_variants/w400/18500/18500-heliconia-front.webp"}, {"name": "Indigo Blue", "hex": "#4F758B", "image": "https://pub-fbec7c9199f04af8ab95a413a4620d37.r2.dev/suppliers/gildan/products/_variants/w400/18500/18500-indigo-blue-front.webp"}, {"name": "Irish Green", "hex": "#00A74A", "image": "https://pub-fbec7c9199f04af8ab95a413a4620d37.r2.dev/suppliers/gildan/products/_variants/w400/18500/18500-irish-green-front.webp"}, {"name": "Light Blue", "hex": "#A4C8E1", "image": "https://pub-fbec7c9199f04af8ab95a413a4620d37.r2.dev/suppliers/gildan/products/_variants/w400/18500/18500-light-blue-front.webp"}, {"name": "Light Pink", "hex": "#E4C6D4", "image": "https://pub-fbec7c9199f04af8ab95a413a4620d37.r2.dev/suppliers/gildan/products/_variants/w400/18500/18500-light-pink-front.webp"}, {"name": "Maroon", "hex": "#582D40", "image": "https://pub-fbec7c9199f04af8ab95a413a4620d37.r2.dev/suppliers/gildan/products/_variants/w400/18500/18500-maroon-front.webp"}, {"name": "Navy", "hex": "#202A44", "image": "https://pub-fbec7c9199f04af8ab95a413a4620d37.r2.dev/suppliers/gildan/products/_variants/w400/18500/18500-navy-front.webp"}, {"name": "Purple", "hex": "#351F65", "image": "https://pub-fbec7c9199f04af8ab95a413a4620d37.r2.dev/suppliers/gildan/products/_variants/w400/18500/18500-purple-front.webp"}, {"name": "Red", "hex": "#D50032", "image": "https://pub-fbec7c9199f04af8ab95a413a4620d37.r2.dev/suppliers/gildan/products/_variants/w400/18500/18500-red-front.webp"}, {"name": "Royal", "hex": "#1D4F91", "image": "https://pub-fbec7c9199f04af8ab95a413a4620d37.r2.dev/suppliers/gildan/products/_variants/w400/18500/18500-royal-front.webp"}, {"name": "Sand", "hex": "#C5B9AC", "image": "https://pub-fbec7c9199f04af8ab95a413a4620d37.r2.dev/suppliers/gildan/products/_variants/w400/18500/18500-sand-front.webp"}, {"name": "Sapphire", "hex": "#0067A0", "image": "https://pub-fbec7c9199f04af8ab95a413a4620d37.r2.dev/suppliers/gildan/products/_variants/w400/18500/18500-sapphire-front.webp"}, {"name": "Sport Grey", "hex": "#97999B", "image": "https://pub-fbec7c9199f04af8ab95a413a4620d37.r2.dev/suppliers/gildan/products/_variants/w400/18500/18500-sport-grey-front.webp"}, {"name": "White", "hex": "#FFFFFF", "image": "https://pub-fbec7c9199f04af8ab95a413a4620d37.r2.dev/suppliers/gildan/products/_variants/w400/18500/18500-white-front.webp"}]'::jsonb,'{"composition": "50% ring spun cotton, 50% polyester", "weight_gsm": "271", "fit": "Classic Fit"}'::jsonb,'["Fabric weight: 271g/m²", "Fabric composition: 50% ring spun cotton, 50% polyester", "Classic fit tubular body", "Double-lined hood with colour-matched drawcord", "Double-needle pouch pocket for added reinforcement", "Double-needle stitching at shoulders, armholes, neck, waistband and cuffs", "Grey pearlized tear away label", "Spun yarn for softer feel and reduced pilling", "Fiber content varies by colour, see colour list for exceptions", "100% of our fabric cutting scraps are recycled into fiber and used in new products", "1x1 rib with spandex for enhanced stretch and recovery", "33% of the energy used to manufacture our products comes from renewable resources", "*Heather Colours - 60% Polyester, 40% Cotton"]'::jsonb,'{"unit": "cm", "measurements": [{"name": "Width (A)", "values": [null, "51", "56", "61", "66", "71", "76", "81", "86"]}, {"name": "Length (B)", "values": [null, "69", "71", "74", "76", "79", "81", "84", "86"]}, {"name": "Sleeve Center Back (D2)", "values": [null, "85", "88", "90", "93", "95", "98", "100", "103"]}], "sizes": ["XS", "S", "M", "L", "XL", "2XL", "3XL", "4XL", "5XL"]}'::jsonb,'{"3XL": 32.27, "4XL": 34.93, "5XL": 34.93}'::jsonb,'{"Cotton","Polyester"}','{"Screen Print","DTG","DTF","Embroidery"}',true,'local_stock');
insert into public.pricing_tiers (product_id,min_qty,base_price,sort_order) values ('d6f9f935-4cb9-4473-8a85-1f60df5a52dc',20,19.6,1);
insert into public.product_colours (product_id,name,hex,images,sort_order) values ('d6f9f935-4cb9-4473-8a85-1f60df5a52dc','Gallery',null,'["https://pub-fbec7c9199f04af8ab95a413a4620d37.r2.dev/suppliers/gildan/products/_variants/w400/18500/18500-black-01.webp", "https://pub-fbec7c9199f04af8ab95a413a4620d37.r2.dev/suppliers/gildan/products/_variants/w400/18500/18500-black-02.webp", "https://pub-fbec7c9199f04af8ab95a413a4620d37.r2.dev/suppliers/gildan/products/_variants/w400/18500/18500-ash-front.webp"]'::jsonb,0);
insert into public.products (id,supplier,supplier_name,supplier_sku,supplier_code,name,slug,category,gender,brand,description,short_desc,seo_description,meta_description,meta_title,min_qty,setup_fee,shipping,margin,status,is_published,decoration_required,decoration_model,colours,specs,features,size_chart,size_pricing,material_tags,print_methods,is_eco,fulfillment) values ('a0d0365b-7918-4961-bc33-9e19ad61ad73','Gildan Brands','Gildan','18600','18600','Gildan® Heavy Blend® 18600 Hoodie','gildan-heavy-blend-18600-hoodie-18600','Hoodies','Unisex','Gildan','Heavy Blend full-zip hoodie with metal zipper and pouch pockets in cotton-poly fleece.','Heavy Blend full-zip hoodie with metal zipper and pouch pockets in cotton-poly fleece.','Print your logo on the Gildan® Heavy Blend® 18600 Hoodie — 271 GSM. Screen Print/DTG/DTF/Embroidery from 20.','Custom printed Gildan® Heavy Blend® 18600 Hoodie by Gildan. 50% Cotton/50% Polyester. Screen Print/DTG/DTF/Embroidery, min 20. Fast Australia-wide.','Custom Printed Gildan® Heavy Blend® 18600 Hoodie | Gildan',20,0,30,1.4,'active',false,true,'calculator','[{"name": "Black", "hex": "#25282A", "image": "https://pub-fbec7c9199f04af8ab95a413a4620d37.r2.dev/suppliers/gildan/products/_variants/w400/18600/18600-black-front.webp"}, {"name": "Navy", "hex": "#202A44", "image": "https://pub-fbec7c9199f04af8ab95a413a4620d37.r2.dev/suppliers/gildan/products/_variants/w400/18600/18600-navy-front.webp"}, {"name": "Red", "hex": "#D50032", "image": "https://pub-fbec7c9199f04af8ab95a413a4620d37.r2.dev/suppliers/gildan/products/_variants/w400/18600/18600-red-front.webp"}, {"name": "Royal", "hex": "#1D4F91", "image": "https://pub-fbec7c9199f04af8ab95a413a4620d37.r2.dev/suppliers/gildan/products/_variants/w400/18600/18600-royal-front.webp"}, {"name": "Sport Grey", "hex": "#97999B", "image": "https://pub-fbec7c9199f04af8ab95a413a4620d37.r2.dev/suppliers/gildan/products/_variants/w400/18600/18600-sport-grey-front.webp"}, {"name": "White", "hex": "#FFFFFF", "image": "https://pub-fbec7c9199f04af8ab95a413a4620d37.r2.dev/suppliers/gildan/products/_variants/w400/18600/18600-white-front.webp"}]'::jsonb,'{"composition": "50% Cotton/50% Polyester", "weight_gsm": "271", "fit": "Classic Fit"}'::jsonb,'["Fabric weight: 271g/m²", "Fabric composition: 50% ring spun cotton, 50% polyester", "100% of our fabric cutting scraps are recycled into fiber and used in new products", "1x1 rib with spandex for enhanced stretch and recovery", "33% of the energy used to manufacture our products comes from renewable resources", "Classic fit tubular body", "Unlined hood with colour-matched drawcord", "Double-needle pouch pocket for added reinforcement", "Double-needle stitching at shoulders, armholes, neck, waistband and cuffs", "Tear away label", "Metal zipper", "Overlapped fabric across zipper allows full front printing", "Spun yarn for softer feel and reduced pilling"]'::jsonb,'{"unit": "cm", "measurements": [{"name": "Width (A)", "values": ["49", "54", "59", "64", "69", "74", "79", "82"]}, {"name": "Length (B)", "values": ["69", "71", "74", "76", "79", "81", "84", "86"]}, {"name": "Sleeve Center Back (D2)", "values": ["85", "88", "90", "93", "95", "98", "100", "103"]}], "sizes": ["S", "M", "L", "XL", "2XL", "3XL", "4XL", "5XL"]}'::jsonb,'{"3XL": 38.01, "4XL": 38.01, "5XL": 38.01}'::jsonb,'{"Cotton","Polyester"}','{"Screen Print","DTG","DTF","Embroidery"}',true,'local_stock');
insert into public.pricing_tiers (product_id,min_qty,base_price,sort_order) values ('a0d0365b-7918-4961-bc33-9e19ad61ad73',20,23.5,1);
insert into public.product_colours (product_id,name,hex,images,sort_order) values ('a0d0365b-7918-4961-bc33-9e19ad61ad73','Gallery',null,'["https://pub-fbec7c9199f04af8ab95a413a4620d37.r2.dev/suppliers/gildan/products/_variants/w400/18600/18600-black-01.webp", "https://pub-fbec7c9199f04af8ab95a413a4620d37.r2.dev/suppliers/gildan/products/_variants/w400/18600/18600-black-02.webp", "https://pub-fbec7c9199f04af8ab95a413a4620d37.r2.dev/suppliers/gildan/products/_variants/w400/18600/18600-black-front.webp"]'::jsonb,0);
insert into public.products (id,supplier,supplier_name,supplier_sku,supplier_code,name,slug,category,gender,brand,description,short_desc,seo_description,meta_description,meta_title,min_qty,setup_fee,shipping,margin,status,is_published,decoration_required,decoration_model,colours,specs,features,size_chart,size_pricing,material_tags,print_methods,is_eco,fulfillment) values ('484b7ca9-fc7a-4ac8-9829-d58e845b7a3b','Gildan Brands','Gildan','18900','18900','Gildan® Heavy Blend® 18900 Blanket','gildan-heavy-blend-18900-blanket-18900','Accessories','Unisex','Gildan','','','Print your logo on the Gildan® Heavy Blend® 18900 Blanket — 271 GSM. Screen Print/DTG/DTF/Embroidery from 20.','Custom printed Gildan® Heavy Blend® 18900 Blanket by Gildan. 50% Cotton / 50% Polyester. Screen Print/DTG/DTF/Embroidery, min 20. Fast Australia-wide.','Custom Printed Gildan® Heavy Blend® 18900 Blanket | Gildan',20,0,30,1.4,'active',false,true,'calculator','[]'::jsonb,'{"composition": "50% Cotton / 50% Polyester", "weight_gsm": "271", "fit": ""}'::jsonb,'["Heavy Blend air combed MVS yarn for reduced pilling", "2-end midwieght fleece fabric", "Hemmed sides all around", "High-performing tear-away label"]'::jsonb,'{"unit": "cm", "measurements": [{"name": "Width (A)", "values": ["127"]}, {"name": "Length (B)", "values": ["152"]}], "sizes": ["OS"]}'::jsonb,null,'{"Cotton","Polyester"}','{"Screen Print","DTG","DTF","Embroidery"}',false,'local_stock');
insert into public.pricing_tiers (product_id,min_qty,base_price,sort_order) values ('484b7ca9-fc7a-4ac8-9829-d58e845b7a3b',20,18.0,1);
insert into public.product_colours (product_id,name,hex,images,sort_order) values ('484b7ca9-fc7a-4ac8-9829-d58e845b7a3b','Gallery',null,'["https://pub-fbec7c9199f04af8ab95a413a4620d37.r2.dev/suppliers/gildan/products/_variants/w400/18900/18900-black-01.webp", "https://pub-fbec7c9199f04af8ab95a413a4620d37.r2.dev/suppliers/gildan/products/_variants/w400/18900/18900-black-01.webp"]'::jsonb,0);
insert into public.products (id,supplier,supplier_name,supplier_sku,supplier_code,name,slug,category,gender,brand,description,short_desc,seo_description,meta_description,meta_title,min_qty,setup_fee,shipping,margin,status,is_published,decoration_required,decoration_model,colours,specs,features,size_chart,size_pricing,material_tags,print_methods,is_eco,fulfillment) values ('4689dfcd-2f71-48ec-b235-50ca78b736a0','Gildan Brands','Gildan','19000','19000','Gildan® Hammer® 19000 Crewneck','gildan-hammer-19000-crewneck-19000','Sweatshirts','Unisex','Gildan','','','Print your logo on the Gildan® Hammer® 19000 Crewneck — 360 GSM. Screen Print/DTG/DTF/Embroidery from 20.','Custom printed Gildan® Hammer® 19000 Crewneck by Gildan. 75% US Cotton / 25% Recycled Polyester. Screen Print/DTG/DTF/Embroidery, min 20. Fast Australia-wide.','Custom Printed Gildan® Hammer® 19000 Crewneck | Gildan',20,0,30,1.4,'active',false,true,'calculator','[{"name": "Blue Dusk", "hex": "#253746", "image": "https://pub-fbec7c9199f04af8ab95a413a4620d37.r2.dev/suppliers/gildan/products/_variants/w400/19000/19000-blue-dusk-front.webp"}, {"name": "Cherry Red", "hex": "#A6192E", "image": "https://pub-fbec7c9199f04af8ab95a413a4620d37.r2.dev/suppliers/gildan/products/_variants/w400/19000/19000-cherryred-front.webp"}, {"name": "Deep Royal", "hex": "#002D72", "image": "https://pub-fbec7c9199f04af8ab95a413a4620d37.r2.dev/suppliers/gildan/products/_variants/w400/19000/19000-deep-royal-front.webp"}, {"name": "Garnet", "hex": "#7D2935", "image": "https://pub-fbec7c9199f04af8ab95a413a4620d37.r2.dev/suppliers/gildan/products/_variants/w400/19000/19000-garnet-front.webp"}, {"name": "Gravel", "hex": "#888B8D", "image": "https://pub-fbec7c9199f04af8ab95a413a4620d37.r2.dev/suppliers/gildan/products/_variants/w400/19000/19000-gravel-front.webp"}, {"name": "Off White", "hex": "#F5ECD2", "image": "https://pub-fbec7c9199f04af8ab95a413a4620d37.r2.dev/suppliers/gildan/products/_variants/w400/19000/19000-off-white-front.webp"}, {"name": "Olive", "hex": "#4A412A", "image": "https://pub-fbec7c9199f04af8ab95a413a4620d37.r2.dev/suppliers/gildan/products/_variants/w400/19000/19000-olive-front.webp"}, {"name": "Pitch Black", "hex": "#101820", "image": "https://pub-fbec7c9199f04af8ab95a413a4620d37.r2.dev/suppliers/gildan/products/_variants/w400/19000/19000-pitch-black-front.webp"}, {"name": "Tan", "hex": "#BD9A7A", "image": "https://pub-fbec7c9199f04af8ab95a413a4620d37.r2.dev/suppliers/gildan/products/_variants/w400/19000/19000-tan-front.webp"}]'::jsonb,'{"composition": "75% US Cotton / 25% Recycled Polyester", "weight_gsm": "360", "fit": "Classic Fit"}'::jsonb,'["The Hammer Maxweight 2-end heavyweight fleece is a combination of styyle and functionality.", "Made with recycled polyester and 100% cotton face - ideal for decorating", "1x1 rib at cuffs and waistband for enhanced stretch and recovery", "Classic fit, seamless body", "High-performing recycled tear-away label", "Proud member of the US Cotton Trust Protocol", "Made with OEKO-TEX certified low-impact dyes"]'::jsonb,'{"unit": "cm", "measurements": [{"name": "Width (A)", "values": ["51", "56", "61", "66", "71", "76", "81"]}, {"name": "Length (B)", "values": ["76", "77", "79", "81", "84", "86", "89"]}, {"name": "Sleeve Center Back (D2)", "values": ["89", "91", "94", "97", "99", "102", "104"]}], "sizes": ["S", "M", "L", "XL", "2XL", "3XL", "4XL"]}'::jsonb,null,'{"Cotton","Polyester","Recycled"}','{"Screen Print","DTG","DTF","Embroidery"}',true,'local_stock');
insert into public.pricing_tiers (product_id,min_qty,base_price,sort_order) values ('4689dfcd-2f71-48ec-b235-50ca78b736a0',20,19.5,1);
insert into public.product_colours (product_id,name,hex,images,sort_order) values ('4689dfcd-2f71-48ec-b235-50ca78b736a0','Gallery',null,'["https://pub-fbec7c9199f04af8ab95a413a4620d37.r2.dev/suppliers/gildan/products/_variants/w400/19000/19000-bluedusk-01.webp", "https://pub-fbec7c9199f04af8ab95a413a4620d37.r2.dev/suppliers/gildan/products/_variants/w400/19000/19000-bluedusk-02.webp", "https://pub-fbec7c9199f04af8ab95a413a4620d37.r2.dev/suppliers/gildan/products/_variants/w400/19000/19000-blue-dusk-front.webp"]'::jsonb,0);
insert into public.products (id,supplier,supplier_name,supplier_sku,supplier_code,name,slug,category,gender,brand,description,short_desc,seo_description,meta_description,meta_title,min_qty,setup_fee,shipping,margin,status,is_published,decoration_required,decoration_model,colours,specs,features,size_chart,size_pricing,material_tags,print_methods,is_eco,fulfillment) values ('3dc8253d-33b9-480b-9bc4-ccd36b9dceb4','Gildan Brands','Gildan','19500','19500','Gildan® Hammer® 19500 Hoodie','gildan-hammer-19500-hoodie-19500','Hoodies','Unisex','Gildan','','','Print your logo on the Gildan® Hammer® 19500 Hoodie — 360 GSM. Screen Print/DTG/DTF/Embroidery from 20.','Custom printed Gildan® Hammer® 19500 Hoodie by Gildan. 75% US Cotton / 25% Recycled Polyester. Screen Print/DTG/DTF/Embroidery, min 20. Fast Australia-wide.','Custom Printed Gildan® Hammer® 19500 Hoodie | Gildan',20,0,30,1.4,'active',false,true,'calculator','[{"name": "Blue Dusk", "hex": "#253746", "image": "https://pub-fbec7c9199f04af8ab95a413a4620d37.r2.dev/suppliers/gildan/products/_variants/w400/19500/19500-blue-dusk-front.webp"}, {"name": "Cherry Red", "hex": "#A6192E", "image": "https://pub-fbec7c9199f04af8ab95a413a4620d37.r2.dev/suppliers/gildan/products/_variants/w400/19500/19500-cherry-red-front.webp"}, {"name": "Deep Royal", "hex": "#002D72", "image": "https://pub-fbec7c9199f04af8ab95a413a4620d37.r2.dev/suppliers/gildan/products/_variants/w400/19500/19500-deep-royal-front.webp"}, {"name": "Garnet", "hex": "#7D2935", "image": "https://pub-fbec7c9199f04af8ab95a413a4620d37.r2.dev/suppliers/gildan/products/_variants/w400/19500/19500-garnet-front.webp"}, {"name": "Gravel", "hex": "#888B8D", "image": "https://pub-fbec7c9199f04af8ab95a413a4620d37.r2.dev/suppliers/gildan/products/_variants/w400/19500/19500-gravel-front.webp"}, {"name": "Off White", "hex": "#F5ECD2", "image": "https://pub-fbec7c9199f04af8ab95a413a4620d37.r2.dev/suppliers/gildan/products/_variants/w400/19500/19500-off-white-front.webp"}, {"name": "Olive", "hex": "#4A412A", "image": "https://pub-fbec7c9199f04af8ab95a413a4620d37.r2.dev/suppliers/gildan/products/_variants/w400/19500/19500-olive-front.webp"}, {"name": "Pitch Black", "hex": "#101820", "image": "https://pub-fbec7c9199f04af8ab95a413a4620d37.r2.dev/suppliers/gildan/products/_variants/w400/19500/19500-pitch-black-front.webp"}, {"name": "Tan", "hex": "#BD9A7A", "image": "https://pub-fbec7c9199f04af8ab95a413a4620d37.r2.dev/suppliers/gildan/products/_variants/w400/19500/19500-tan-front.webp"}]'::jsonb,'{"composition": "75% US Cotton / 25% Recycled Polyester", "weight_gsm": "360", "fit": "Classic Fit"}'::jsonb,'["The Hammer Maxweight 2-end heavyweight fleece is a combination of styyle and functionality - made with recycled polyester and 100% cotton face - ideal for decorating", "2 ply self-fabric hood with wide colour matched flat cord", "Pouch pocket", "1x1 rib at cuffs and waistband for enhanced stretch and recovery", "Classic fit, seamless body", "High-performing recycled tear-away label", "Proud member of the US Cotton Trust Protocol", "Made with OEKO-TEX certified low-impact dyes"]'::jsonb,'{"unit": "cm", "measurements": [{"name": "Width (A)", "values": ["51", "56", "61", "66", "71", "76", "81"]}, {"name": "Length (B)", "values": ["76", "77", "79", "81", "84", "86", "89"]}, {"name": "Sleeve Center Back (D2)", "values": ["89", "91", "94", "97", "99", "102", "104"]}], "sizes": ["S", "M", "L", "XL", "2XL", "3XL", "4XL"]}'::jsonb,null,'{"Cotton","Polyester","Recycled"}','{"Screen Print","DTG","DTF","Embroidery"}',true,'local_stock');
insert into public.pricing_tiers (product_id,min_qty,base_price,sort_order) values ('3dc8253d-33b9-480b-9bc4-ccd36b9dceb4',20,21.0,1);
insert into public.product_colours (product_id,name,hex,images,sort_order) values ('3dc8253d-33b9-480b-9bc4-ccd36b9dceb4','Gallery',null,'["https://pub-fbec7c9199f04af8ab95a413a4620d37.r2.dev/suppliers/gildan/products/_variants/w400/19500/19500-bluedusk-01.webp", "https://pub-fbec7c9199f04af8ab95a413a4620d37.r2.dev/suppliers/gildan/products/_variants/w400/19500/19500-bluedusk-02.webp", "https://pub-fbec7c9199f04af8ab95a413a4620d37.r2.dev/suppliers/gildan/products/_variants/w400/19500/19500-blue-dusk-front.webp"]'::jsonb,0);
insert into public.products (id,supplier,supplier_name,supplier_sku,supplier_code,name,slug,category,gender,brand,description,short_desc,seo_description,meta_description,meta_title,min_qty,setup_fee,shipping,margin,status,is_published,decoration_required,decoration_model,colours,specs,features,size_chart,size_pricing,material_tags,print_methods,is_eco,fulfillment) values ('a85afc89-c998-465a-9ba6-204d88d1d129','Gildan Brands','Gildan','64000','64000','Gildan® Softstyle® 64000 T-Shirt','gildan-softstyle-64000-t-shirt-64000','T-Shirts','Unisex','Gildan','Softstyle crewneck tee in lightweight ring-spun cotton offering a soft, modern classic fit.','Softstyle crewneck tee in lightweight ring-spun cotton offering a soft, modern classic fit.','Print your logo on the Gildan® Softstyle® 64000 T-Shirt — 153 GSM. Screen Print/DTG/DTF/Embroidery from 20.','Custom printed Gildan® Softstyle® 64000 T-Shirt by Gildan. 100% Ring Spun Cotton. Screen Print/DTG/DTF/Embroidery, min 20. Fast Australia-wide.','Custom Printed Gildan® Softstyle® 64000 T-Shirt | Gildan',20,0,30,1.4,'active',false,true,'calculator','[{"name": "Black", "hex": "#25282A", "image": "https://pub-fbec7c9199f04af8ab95a413a4620d37.r2.dev/suppliers/gildan/products/_variants/w400/64000/64000-black-front.webp"}, {"name": "Charcoal", "hex": "#63666A", "image": "https://pub-fbec7c9199f04af8ab95a413a4620d37.r2.dev/suppliers/gildan/products/_variants/w400/64000/64000-charcoal-front.webp"}, {"name": "Cherry Red", "hex": "#A6192E", "image": "https://pub-fbec7c9199f04af8ab95a413a4620d37.r2.dev/suppliers/gildan/products/_variants/w400/64000/64000-cherry-red-front.webp"}, {"name": "Daisy", "hex": "#FED141", "image": "https://pub-fbec7c9199f04af8ab95a413a4620d37.r2.dev/suppliers/gildan/products/_variants/w400/64000/64000-daisy-front.webp"}, {"name": "Dark Chocolate", "hex": "#382F2D", "image": "https://pub-fbec7c9199f04af8ab95a413a4620d37.r2.dev/suppliers/gildan/products/_variants/w400/64000/64000-dark-chocolate-front.webp"}, {"name": "Dark Heather", "hex": "#425563", "image": "https://pub-fbec7c9199f04af8ab95a413a4620d37.r2.dev/suppliers/gildan/products/_variants/w400/64000/64000-dark-heather-front.webp"}, {"name": "Gold", "hex": "#FFB81C", "image": "https://pub-fbec7c9199f04af8ab95a413a4620d37.r2.dev/suppliers/gildan/products/_variants/w400/64000/64000-gold-front.webp"}, {"name": "Heather Royal", "hex": "#307FE2", "image": "https://pub-fbec7c9199f04af8ab95a413a4620d37.r2.dev/suppliers/gildan/products/_variants/w400/64000/64000-heather-royal-front.webp"}, {"name": "HeatherGrey", "hex": "", "image": "https://pub-fbec7c9199f04af8ab95a413a4620d37.r2.dev/suppliers/gildan/products/_variants/w400/64000/64000-heathergrey-front.webp"}, {"name": "Ice Grey", "hex": "#D7D2CB", "image": "https://pub-fbec7c9199f04af8ab95a413a4620d37.r2.dev/suppliers/gildan/products/_variants/w400/64000/64000-ice-grey-front.webp"}, {"name": "Indigo Blue", "hex": "#4F758B", "image": "https://pub-fbec7c9199f04af8ab95a413a4620d37.r2.dev/suppliers/gildan/products/_variants/w400/64000/64000-indigo-blue-front.webp"}, {"name": "Irish Green", "hex": "#00A74A", "image": "https://pub-fbec7c9199f04af8ab95a413a4620d37.r2.dev/suppliers/gildan/products/_variants/w400/64000/64000-irish-green-front.webp"}, {"name": "Kelly Green", "hex": "#007B5F", "image": "https://pub-fbec7c9199f04af8ab95a413a4620d37.r2.dev/suppliers/gildan/products/_variants/w400/64000/64000-kelly-green-front.webp"}, {"name": "Light Blue", "hex": "#A4C8E1", "image": "https://pub-fbec7c9199f04af8ab95a413a4620d37.r2.dev/suppliers/gildan/products/_variants/w400/64000/64000-light-blue-front.webp"}, {"name": "Maroon", "hex": "#582D40", "image": "https://pub-fbec7c9199f04af8ab95a413a4620d37.r2.dev/suppliers/gildan/products/_variants/w400/64000/64000-maroon-front.webp"}, {"name": "Military Green", "hex": "#5E7461", "image": "https://pub-fbec7c9199f04af8ab95a413a4620d37.r2.dev/suppliers/gildan/products/_variants/w400/64000/64000-militarygreen-front.webp"}, {"name": "Natural", "hex": "#E7CEB5", "image": "https://pub-fbec7c9199f04af8ab95a413a4620d37.r2.dev/suppliers/gildan/products/_variants/w400/64000/64000-natural-front.webp"}, {"name": "Navy", "hex": "#202A44", "image": "https://pub-fbec7c9199f04af8ab95a413a4620d37.r2.dev/suppliers/gildan/products/_variants/w400/64000/64000-navy-front.webp"}, {"name": "Off White", "hex": "#F5ECD2", "image": "https://pub-fbec7c9199f04af8ab95a413a4620d37.r2.dev/suppliers/gildan/products/_variants/w400/64000/64000-off-white-front.webp"}, {"name": "Orange", "hex": "#F4633A", "image": "https://pub-fbec7c9199f04af8ab95a413a4620d37.r2.dev/suppliers/gildan/products/_variants/w400/64000/64000-orange-front.webp"}, {"name": "Purple", "hex": "#351F65", "image": "https://pub-fbec7c9199f04af8ab95a413a4620d37.r2.dev/suppliers/gildan/products/_variants/w400/64000/64000-purple-front.webp"}, {"name": "Red", "hex": "#D50032", "image": "https://pub-fbec7c9199f04af8ab95a413a4620d37.r2.dev/suppliers/gildan/products/_variants/w400/64000/64000-red-front.webp"}, {"name": "Royal", "hex": "#1D4F91", "image": "https://pub-fbec7c9199f04af8ab95a413a4620d37.r2.dev/suppliers/gildan/products/_variants/w400/64000/64000-royal-front.webp"}, {"name": "Sand", "hex": "#C5B9AC", "image": "https://pub-fbec7c9199f04af8ab95a413a4620d37.r2.dev/suppliers/gildan/products/_variants/w400/64000/64000-sand-front.webp"}, {"name": "White", "hex": "#FFFFFF", "image": "https://pub-fbec7c9199f04af8ab95a413a4620d37.r2.dev/suppliers/gildan/products/_variants/w400/64000/64000-white-front.webp"}]'::jsonb,'{"composition": "100% Ring Spun Cotton", "weight_gsm": "153", "fit": "Modern Classic Fit"}'::jsonb,'["Fabric weight: 153g/m²", "Fabric composition: 100% ring spun cotton", "100% of our fabric cutting scraps are recycled into fiber and used in new products", "33% of the energy used to manufacture our products comes from renewable resources", "Proudly using 100% US Cotton that is sustainably grown and ethically harvested.", "1.59cm rib collar", "Double-needle sleeve and bottom hems", "Tear away neck label", "High stitch density for smoother printing surface", "Modern classic fit tubular body", "Soft ring spun fabric", "Taped neck and shoulders", "*Sport Grey - 90% Cotton, 10% Polyester", "*Dark Heather - 65% Polyester, 35% Cotton"]'::jsonb,'{"unit": "cm", "measurements": [{"name": "Width (A)", "values": ["41", "46", "51", "56", "61", "66", "71", "76", "81"]}, {"name": "Length (B)", "values": ["69", "71", "74", "76", "79", "81", "84", "86", "89"]}, {"name": "Sleeve Center Back (D2)", "values": ["39", "42", "45", "48", "52", "55", "58", "61", "64"]}], "sizes": ["XS", "S", "M", "L", "XL", "2XL", "3XL", "4XL", "5XL"]}'::jsonb,'{"3XL": 10.01, "4XL": 10.71, "5XL": 10.71}'::jsonb,'{"Cotton"}','{"Screen Print","DTG","DTF","Embroidery"}',true,'local_stock');
insert into public.pricing_tiers (product_id,min_qty,base_price,sort_order) values ('a85afc89-c998-465a-9ba6-204d88d1d129',20,5.05,1);
insert into public.product_colours (product_id,name,hex,images,sort_order) values ('a85afc89-c998-465a-9ba6-204d88d1d129','Gallery',null,'["https://pub-fbec7c9199f04af8ab95a413a4620d37.r2.dev/suppliers/gildan/products/_variants/w400/64000/64000-black-01.webp", "https://pub-fbec7c9199f04af8ab95a413a4620d37.r2.dev/suppliers/gildan/products/_variants/w400/64000/64000-black-02.webp", "https://pub-fbec7c9199f04af8ab95a413a4620d37.r2.dev/suppliers/gildan/products/_variants/w400/64000/64000-black-front.webp"]'::jsonb,0);
insert into public.products (id,supplier,supplier_name,supplier_sku,supplier_code,name,slug,category,gender,brand,description,short_desc,seo_description,meta_description,meta_title,min_qty,setup_fee,shipping,margin,status,is_published,decoration_required,decoration_model,colours,specs,features,size_chart,size_pricing,material_tags,print_methods,is_eco,fulfillment) values ('4022a8d6-b6aa-4813-8026-352aef9724fb','Gildan Brands','Gildan','64800','64800','Gildan® Softstyle® 64800 Polo Shirt','gildan-softstyle-64800-polo-shirt-64800','Polos','Unisex','Gildan','Softstyle pique polo shirt with welt collar and reinforced placket in soft ring-spun cotton.','Softstyle pique polo shirt with welt collar and reinforced placket in soft ring-spun cotton.','Print your logo on the Gildan® Softstyle® 64800 Polo Shirt — 177 GSM. Screen Print/DTG/DTF/Embroidery from 20.','Custom printed Gildan® Softstyle® 64800 Polo Shirt by Gildan. 100% Combed Ring Spun Cotton. Screen Print/DTG/DTF/Embroidery, min 20. Fast Australia-wide.','Custom Printed Gildan® Softstyle® 64800 Polo Shirt | Gildan',20,0,30,1.4,'active',false,true,'calculator','[{"name": "Black", "hex": "#25282A", "image": "https://pub-fbec7c9199f04af8ab95a413a4620d37.r2.dev/suppliers/gildan/products/_variants/w400/64800/64800-black-front.webp"}, {"name": "Charcoal", "hex": "#63666A", "image": "https://pub-fbec7c9199f04af8ab95a413a4620d37.r2.dev/suppliers/gildan/products/_variants/w400/64800/64800-charcoal-front.webp"}, {"name": "Forest Green", "hex": "#183029", "image": "https://pub-fbec7c9199f04af8ab95a413a4620d37.r2.dev/suppliers/gildan/products/_variants/w400/64800/64800-forest-green-front.webp"}, {"name": "Navy", "hex": "#202A44", "image": "https://pub-fbec7c9199f04af8ab95a413a4620d37.r2.dev/suppliers/gildan/products/_variants/w400/64800/64800-navy-front.webp"}, {"name": "Red", "hex": "#D50032", "image": "https://pub-fbec7c9199f04af8ab95a413a4620d37.r2.dev/suppliers/gildan/products/_variants/w400/64800/64800-red-front.webp"}, {"name": "Royal", "hex": "#1D4F91", "image": "https://pub-fbec7c9199f04af8ab95a413a4620d37.r2.dev/suppliers/gildan/products/_variants/w400/64800/64800-royal-front.webp"}, {"name": "Sport Grey", "hex": "#97999B", "image": "https://pub-fbec7c9199f04af8ab95a413a4620d37.r2.dev/suppliers/gildan/products/_variants/w400/64800/64800-sportgrey-front.webp"}, {"name": "White", "hex": "#FFFFFF", "image": "https://pub-fbec7c9199f04af8ab95a413a4620d37.r2.dev/suppliers/gildan/products/_variants/w400/64800/64800-white-front.webp"}]'::jsonb,'{"composition": "100% Combed Ring Spun Cotton", "weight_gsm": "177", "fit": "Modern Classic Fit"}'::jsonb,'["Fabric weight: 177g/m²", "Fabric composition: 100% ring spun cotton", "Pique Knit", "Yarn count 31/1", "Contoured welt collar", "Side seamed body - sleeker fit in shoulder and sleeve", "Clean finished reverse placket with reinforced bottom box", "2 colour-matched buttons", "Rolled forward topstitched shoulder", "Double-needle sleeve and bottom hems", "High stitch density fabric", "Tear away label", "*Sport Grey - 90% Cotton, 10% Polyester"]'::jsonb,'{"unit": "cm", "measurements": [{"name": "Width (A)", "values": ["50", "53", "56", "59", "62", "67", "71"]}, {"name": "Length (B)", "values": ["70", "74", "76", "79", "81", "85", "88"]}, {"name": "Sleeve Center Back (D2)", "values": ["44", "47", "49", "52", "55", "58", "61"]}], "sizes": ["S", "M", "L", "XL", "2XL", "3XL", "4XL"]}'::jsonb,null,'{"Cotton"}','{"Screen Print","DTG","DTF","Embroidery"}',false,'local_stock');
insert into public.pricing_tiers (product_id,min_qty,base_price,sort_order) values ('4022a8d6-b6aa-4813-8026-352aef9724fb',20,9.9,1);
insert into public.product_colours (product_id,name,hex,images,sort_order) values ('4022a8d6-b6aa-4813-8026-352aef9724fb','Gallery',null,'["https://pub-fbec7c9199f04af8ab95a413a4620d37.r2.dev/suppliers/gildan/products/_variants/w400/64800/64800-black-01.webp", "https://pub-fbec7c9199f04af8ab95a413a4620d37.r2.dev/suppliers/gildan/products/_variants/w400/64800/64800-black-02.webp", "https://pub-fbec7c9199f04af8ab95a413a4620d37.r2.dev/suppliers/gildan/products/_variants/w400/64800/64800-black-front.webp"]'::jsonb,0);
insert into public.products (id,supplier,supplier_name,supplier_sku,supplier_code,name,slug,category,gender,brand,description,short_desc,seo_description,meta_description,meta_title,min_qty,setup_fee,shipping,margin,status,is_published,decoration_required,decoration_model,colours,specs,features,size_chart,size_pricing,material_tags,print_methods,is_eco,fulfillment) values ('0d7c2767-12a1-486d-bf99-ea98f6be53a7','Gildan Brands','Gildan','65000','65000','Gildan® Softstyle® 65000 T-Shirt','gildan-softstyle-65000-t-shirt-65000','T-Shirts','Unisex','Gildan','Softstyle midweight crewneck tee in ring-spun cotton with a modern classic fit, made with US cotton.','Softstyle midweight crewneck tee in ring-spun cotton with a modern classic fit, made with US cotton.','Print your logo on the Gildan® Softstyle® 65000 T-Shirt — 183 GSM. Screen Print/DTG/DTF/Embroidery from 20.','Custom printed Gildan® Softstyle® 65000 T-Shirt by Gildan. 100% Ring Spun Cotton. Screen Print/DTG/DTF/Embroidery, min 20. Fast Australia-wide.','Custom Printed Gildan® Softstyle® 65000 T-Shirt | Gildan',20,0,30,1.4,'active',false,true,'calculator','[{"name": "Black", "hex": "", "image": "https://pub-fbec7c9199f04af8ab95a413a4620d37.r2.dev/suppliers/gildan/products/_variants/w400/65000/65000-black-front.webp"}, {"name": "Brown Savana", "hex": "#7A6855", "image": "https://pub-fbec7c9199f04af8ab95a413a4620d37.r2.dev/suppliers/gildan/products/_variants/w400/65000/65000-brown-savana-front.webp"}, {"name": "Charcoal", "hex": "#63666A", "image": "https://pub-fbec7c9199f04af8ab95a413a4620d37.r2.dev/suppliers/gildan/products/_variants/w400/65000/65000-charcoal-front.webp"}, {"name": "Daisy", "hex": "#FED141", "image": "https://pub-fbec7c9199f04af8ab95a413a4620d37.r2.dev/suppliers/gildan/products/_variants/w400/65000/65000-daisy-front.webp"}, {"name": "Graphite Heather", "hex": "#707372", "image": "https://pub-fbec7c9199f04af8ab95a413a4620d37.r2.dev/suppliers/gildan/products/_variants/w400/65000/65000-graphite-heather-front.webp"}, {"name": "Heliconia", "hex": "#E31C79", "image": "https://pub-fbec7c9199f04af8ab95a413a4620d37.r2.dev/suppliers/gildan/products/_variants/w400/65000/65000-heliconia-front.webp"}, {"name": "Light Blue", "hex": "#A4C8E1", "image": "https://pub-fbec7c9199f04af8ab95a413a4620d37.r2.dev/suppliers/gildan/products/_variants/w400/65000/65000-light-blue-front.webp"}, {"name": "Maroon", "hex": "#582D40", "image": "https://pub-fbec7c9199f04af8ab95a413a4620d37.r2.dev/suppliers/gildan/products/_variants/w400/65000/65000-maroon-front.webp"}, {"name": "Mustard", "hex": "#C3964D", "image": "https://pub-fbec7c9199f04af8ab95a413a4620d37.r2.dev/suppliers/gildan/products/_variants/w400/65000/65000-mustard-front.webp"}, {"name": "Navy", "hex": "#202A44", "image": "https://pub-fbec7c9199f04af8ab95a413a4620d37.r2.dev/suppliers/gildan/products/_variants/w400/65000/65000-navy-front.webp"}, {"name": "Orange", "hex": "#F4633A", "image": "https://pub-fbec7c9199f04af8ab95a413a4620d37.r2.dev/suppliers/gildan/products/_variants/w400/65000/65000-orange-front.webp"}, {"name": "Paragon", "hex": "#948794", "image": "https://pub-fbec7c9199f04af8ab95a413a4620d37.r2.dev/suppliers/gildan/products/_variants/w400/65000/65000-paragon-front.webp"}, {"name": "Red", "hex": "#D50032", "image": "https://pub-fbec7c9199f04af8ab95a413a4620d37.r2.dev/suppliers/gildan/products/_variants/w400/65000/65000-red-front.webp"}, {"name": "Royal", "hex": "#1D4F91", "image": "https://pub-fbec7c9199f04af8ab95a413a4620d37.r2.dev/suppliers/gildan/products/_variants/w400/65000/65000-royal-front.webp"}, {"name": "Sage", "hex": "#819E87", "image": "https://pub-fbec7c9199f04af8ab95a413a4620d37.r2.dev/suppliers/gildan/products/_variants/w400/65000/65000-sage-front.webp"}, {"name": "Sand", "hex": "#C5B9AC", "image": "https://pub-fbec7c9199f04af8ab95a413a4620d37.r2.dev/suppliers/gildan/products/_variants/w400/65000/65000-sand-front.webp"}, {"name": "Sapphire", "hex": "#0067A0", "image": "https://pub-fbec7c9199f04af8ab95a413a4620d37.r2.dev/suppliers/gildan/products/_variants/w400/65000/65000-sapphire-front.webp"}, {"name": "Sport Grey", "hex": "#97999B", "image": "https://pub-fbec7c9199f04af8ab95a413a4620d37.r2.dev/suppliers/gildan/products/_variants/w400/65000/65000-sportgrey-front.webp"}, {"name": "Stone Blue", "hex": "#7E93A7", "image": "https://pub-fbec7c9199f04af8ab95a413a4620d37.r2.dev/suppliers/gildan/products/_variants/w400/65000/65000-stone-blue-front.webp"}, {"name": "Violet", "hex": "#8094DD", "image": "https://pub-fbec7c9199f04af8ab95a413a4620d37.r2.dev/suppliers/gildan/products/_variants/w400/65000/65000-violet-front.webp"}, {"name": "White", "hex": "#FFFFFF", "image": "https://pub-fbec7c9199f04af8ab95a413a4620d37.r2.dev/suppliers/gildan/products/_variants/w400/65000/65000-white-front.webp"}]'::jsonb,'{"composition": "100% Ring Spun Cotton", "weight_gsm": "183", "fit": "Modern Classic Fit"}'::jsonb,'["Fabric weight: 183g/m²", "Fabric composition: 100% ring spun cotton", "Modern classic fit, tubular body", "Softstyle Midweight features high stitch density fabric that offers a smooth printing surface, ideal for DTG", "Soft ring spun fabric feels great against your skin", "Non-topstitched, classic width, rib collar", "Taped neck and shoulders for comfort and durability", "High-performing black tear-away label", "100% of our fabric cutting scraps are recycled into fiber and used in new products", "33% of the energy used to manufacture our products comes from renewable resources", "Proudly using 100% US Cotton that is sustainably grown and ethically harvested.", "Proud Better Cotton member", "*Ring Spun Sport Grey - 90% Cotton, 10% Polyester", "*Graphite Heather - 50% Cotton, 50% Polyester"]'::jsonb,'{"unit": "cm", "measurements": [{"name": "Width (A)", "values": ["46", "51", "56", "61", "66", "71", "76", "81"]}, {"name": "Length (B)", "values": ["71", "74", "76", "79", "81", "84", "86", "89"]}, {"name": "Sleeve Center Back (D2)", "values": ["41", "45", "49", "52", "56", "60", "63", "67"]}], "sizes": ["S", "M", "L", "XL", "2XL", "3XL", "4XL", "5XL"]}'::jsonb,'{"2XL": 10.15, "3XL": 10.15, "4XL": 10.15, "5XL": 9.45}'::jsonb,'{"Cotton"}','{"Screen Print","DTG","DTF","Embroidery"}',true,'local_stock');
insert into public.pricing_tiers (product_id,min_qty,base_price,sort_order) values ('0d7c2767-12a1-486d-bf99-ea98f6be53a7',20,6.75,1);
insert into public.product_colours (product_id,name,hex,images,sort_order) values ('0d7c2767-12a1-486d-bf99-ea98f6be53a7','Gallery',null,'["https://pub-fbec7c9199f04af8ab95a413a4620d37.r2.dev/suppliers/gildan/products/_variants/w400/65000/65000-black-01.webp", "https://pub-fbec7c9199f04af8ab95a413a4620d37.r2.dev/suppliers/gildan/products/_variants/w400/65000/65000-black-02.webp", "https://pub-fbec7c9199f04af8ab95a413a4620d37.r2.dev/suppliers/gildan/products/_variants/w400/65000/65000-black-front.webp"]'::jsonb,0);
insert into public.products (id,supplier,supplier_name,supplier_sku,supplier_code,name,slug,category,gender,brand,description,short_desc,seo_description,meta_description,meta_title,min_qty,setup_fee,shipping,margin,status,is_published,decoration_required,decoration_model,colours,specs,features,size_chart,size_pricing,material_tags,print_methods,is_eco,fulfillment) values ('fa0c6cd2-a047-4f04-acd7-002ab980cd69','Gildan Brands','Gildan','75000','75000','Gildan® Hammer® 75000 T-Shirt','gildan-hammer-75000-t-shirt-75000','T-Shirts','Unisex','Gildan','Hammer heavyweight oversized boxy tee with dropped shoulder in ring-spun cotton.','Hammer heavyweight oversized boxy tee with dropped shoulder in ring-spun cotton.','Print your logo on the Gildan® Hammer® 75000 T-Shirt — 241 GSM. Screen Print/DTG/DTF/Embroidery from 20.','Custom printed Gildan® Hammer® 75000 T-Shirt by Gildan. 100% Ring Spun Cotton. Screen Print/DTG/DTF/Embroidery, min 20. Fast Australia-wide.','Custom Printed Gildan® Hammer® 75000 T-Shirt | Gildan',20,0,30,1.4,'active',false,true,'calculator','[{"name": "Blue Dusk", "hex": "#253746", "image": "https://pub-fbec7c9199f04af8ab95a413a4620d37.r2.dev/suppliers/gildan/products/_variants/w400/75000/75000-blue-dusk-front.webp"}, {"name": "Cherry Red", "hex": "#A6192E", "image": "https://pub-fbec7c9199f04af8ab95a413a4620d37.r2.dev/suppliers/gildan/products/_variants/w400/75000/75000-cherry-red-front.webp"}, {"name": "Dark Chocolate", "hex": "#382F2D", "image": "https://pub-fbec7c9199f04af8ab95a413a4620d37.r2.dev/suppliers/gildan/products/_variants/w400/75000/75000-dark-chocolate-front.webp"}, {"name": "Deep Royal", "hex": "#002D72", "image": "https://pub-fbec7c9199f04af8ab95a413a4620d37.r2.dev/suppliers/gildan/products/_variants/w400/75000/75000-deep-royal-front.webp"}, {"name": "Forest Green", "hex": "#183029", "image": "https://pub-fbec7c9199f04af8ab95a413a4620d37.r2.dev/suppliers/gildan/products/_variants/w400/75000/75000-forest-green-front.webp"}, {"name": "Garnet", "hex": "#7D2935", "image": "https://pub-fbec7c9199f04af8ab95a413a4620d37.r2.dev/suppliers/gildan/products/_variants/w400/75000/75000-garnet-front.webp"}, {"name": "Graphite Heather", "hex": "#707372", "image": "https://pub-fbec7c9199f04af8ab95a413a4620d37.r2.dev/suppliers/gildan/products/_variants/w400/75000/75000-graphite-heather-front.webp"}, {"name": "Pitch Black", "hex": "#101820", "image": "https://pub-fbec7c9199f04af8ab95a413a4620d37.r2.dev/suppliers/gildan/products/_variants/w400/75000/75000-pitch-black-front.webp"}, {"name": "Tan", "hex": "#BD9A7A", "image": "https://pub-fbec7c9199f04af8ab95a413a4620d37.r2.dev/suppliers/gildan/products/_variants/w400/75000/75000-tan-front.webp"}, {"name": "White", "hex": "#FFFFFF", "image": "https://pub-fbec7c9199f04af8ab95a413a4620d37.r2.dev/suppliers/gildan/products/_variants/w400/75000/75000-white-front.webp"}]'::jsonb,'{"composition": "100% Ring Spun Cotton", "weight_gsm": "241", "fit": "Boxy Fit"}'::jsonb,'["A mix of style and functionality", "Taped neck and shoulders for comfort and durability", "Wide, rib collar", "Rolled forward drop shoulder", "Oversized fit with side seam", "High-performing recycled tear-away label", "Gildan partners with Better Cotton to improve cotton farming globally", "Made with OEKO-TEX certified low-impact dyes", "*Graphite Heather - 62% Cotton, 38% Polyester"]'::jsonb,'{"unit": "cm", "measurements": [{"name": "Width (A)", "values": ["50", "53", "58", "64", "69", "74"]}, {"name": "Length (B)", "values": ["71", "74", "76", "79", "81", "84"]}, {"name": "Sleeve Center Back (D2)", "values": ["45", "47", "50", "52", "53", "54"]}], "sizes": ["S", "M", "L", "XL", "2XL", "3XL"]}'::jsonb,null,'{"Cotton"}','{"Screen Print","DTG","DTF","Embroidery"}',true,'local_stock');
insert into public.pricing_tiers (product_id,min_qty,base_price,sort_order) values ('fa0c6cd2-a047-4f04-acd7-002ab980cd69',20,11.0,1);
insert into public.product_colours (product_id,name,hex,images,sort_order) values ('fa0c6cd2-a047-4f04-acd7-002ab980cd69','Gallery',null,'["https://pub-fbec7c9199f04af8ab95a413a4620d37.r2.dev/suppliers/gildan/products/_variants/w400/75000/75000-bluedusk-01.webp", "https://pub-fbec7c9199f04af8ab95a413a4620d37.r2.dev/suppliers/gildan/products/_variants/w400/75000/75000-bluedusk-02.webp", "https://pub-fbec7c9199f04af8ab95a413a4620d37.r2.dev/suppliers/gildan/products/_variants/w400/75000/75000-blue-dusk-front.webp"]'::jsonb,0);
insert into public.products (id,supplier,supplier_name,supplier_sku,supplier_code,name,slug,category,gender,brand,description,short_desc,seo_description,meta_description,meta_title,min_qty,setup_fee,shipping,margin,status,is_published,decoration_required,decoration_model,colours,specs,features,size_chart,size_pricing,material_tags,print_methods,is_eco,fulfillment) values ('a24da870-0d5c-4ce1-928e-159f1a920705','Gildan Brands','American Apparel','101CVC','101CVC','American Apparel® 101CVC Tank Top','american-apparel-101cvc-tank-top-101cvc','Tanks','Unisex','American Apparel','Fitted racerback-style ribbed tank in a soft CVC cotton-poly blend with heathered texture and eco-friendly dyes.','Fitted racerback-style ribbed tank in a soft CVC cotton-poly blend with heathered texture and eco-friendly dyes.','Print your logo on the American Apparel® 101CVC Tank Top — 156 GSM. Screen Print/DTG/DTF/Embroidery from 20.','Custom printed American Apparel® 101CVC Tank Top by American Apparel. 60% Combed Ring Spun Cotton / 40% Polyester. Screen Print/DTG/DTF/Embroidery, min 20. Fast Australia-wide.','Custom Printed American Apparel® 101CVC Tank Top | American Apparel',20,0,30,1.4,'active',false,true,'calculator','[{"name": "Black", "hex": "#101820", "image": "https://pub-fbec7c9199f04af8ab95a413a4620d37.r2.dev/suppliers/gildan/products/_variants/w400/101cvc/101cvc-black-front.webp"}, {"name": "Heather Army", "hex": "#63513D", "image": "https://pub-fbec7c9199f04af8ab95a413a4620d37.r2.dev/suppliers/gildan/products/_variants/w400/101cvc/101cvc-heatherarmy-front.webp"}, {"name": "Heather Bone", "hex": "#CDC4AA", "image": "https://pub-fbec7c9199f04af8ab95a413a4620d37.r2.dev/suppliers/gildan/products/_variants/w400/101cvc/101cvc-heatherbone-front.webp"}, {"name": "Heather Charcoal", "hex": "#54585A", "image": "https://pub-fbec7c9199f04af8ab95a413a4620d37.r2.dev/suppliers/gildan/products/_variants/w400/101cvc/101cvc-heathercharcoal-front.webp"}, {"name": "Heather Lilac", "hex": "#BDB0D0", "image": "https://pub-fbec7c9199f04af8ab95a413a4620d37.r2.dev/suppliers/gildan/products/_variants/w400/101cvc/101cvc-heatherlilac-front.webp"}, {"name": "White", "hex": "#FFFFFF", "image": "https://pub-fbec7c9199f04af8ab95a413a4620d37.r2.dev/suppliers/gildan/products/_variants/w400/101cvc/101cvc-white-front.webp"}]'::jsonb,'{"composition": "60% Combed Ring Spun Cotton / 40% Polyester", "weight_gsm": "156", "fit": "Shaped Fit"}'::jsonb,'["Fabric Weight: 156g/㎡", "Fabric Composition: 60% Combed Ring Spun Cotton, 40% Recycled Polyester", "Comfortable everyday style", "Soft ring spun CVC fabric made with recycled polyester", "Subtle heather appearance on all Colours except Black and White", "Rib binding at neckline and armholes", "Shaped fit, side seamed body", "Tear away label", "Proud Better Cotton member", "Cotton products from American Apparel support more sustainable + ethical cotton farming"]'::jsonb,'{"unit": "cm", "measurements": [{"name": "Width (A)", "values": ["41", "43", "47", "51", "56"]}, {"name": "Length (B)", "values": ["64", "65", "66", "67", "69"]}], "sizes": ["S", "M", "L", "XL", "2XL"]}'::jsonb,null,'{"Cotton","Polyester"}','{"Screen Print","DTG","DTF","Embroidery"}',true,'local_stock');
insert into public.pricing_tiers (product_id,min_qty,base_price,sort_order) values ('a24da870-0d5c-4ce1-928e-159f1a920705',20,7.75,1);
insert into public.product_colours (product_id,name,hex,images,sort_order) values ('a24da870-0d5c-4ce1-928e-159f1a920705','Gallery',null,'["https://pub-fbec7c9199f04af8ab95a413a4620d37.r2.dev/suppliers/gildan/products/_variants/w400/101cvc/101cvc-black-01.webp", "https://pub-fbec7c9199f04af8ab95a413a4620d37.r2.dev/suppliers/gildan/products/_variants/w400/101cvc/101cvc-black-02.webp", "https://pub-fbec7c9199f04af8ab95a413a4620d37.r2.dev/suppliers/gildan/products/_variants/w400/101cvc/101cvc-black-front.webp"]'::jsonb,0);
insert into public.products (id,supplier,supplier_name,supplier_sku,supplier_code,name,slug,category,gender,brand,description,short_desc,seo_description,meta_description,meta_title,min_qty,setup_fee,shipping,margin,status,is_published,decoration_required,decoration_model,colours,specs,features,size_chart,size_pricing,material_tags,print_methods,is_eco,fulfillment) values ('a2f3990b-2b5b-4268-b2e9-d1a3d526e36a','Gildan Brands','American Apparel','1301GD','1301GD','American Apparel® 1301GD T-Shirt','american-apparel-1301gd-t-shirt-1301gd','T-Shirts','Unisex','American Apparel','Garment-dyed heavyweight unisex tee with a faded, vintage look and relaxed fit, made from heavyweight US cotton.','Garment-dyed heavyweight unisex tee with a faded, vintage look and relaxed fit, made from heavyweight US cotton.','Print your logo on the American Apparel® 1301GD T-Shirt — 203 GSM. Screen Print/DTG/DTF/Embroidery from 20.','Custom printed American Apparel® 1301GD T-Shirt by American Apparel. 100% US Cotton. Screen Print/DTG/DTF/Embroidery, min 20. Fast Australia-wide.','Custom Printed American Apparel® 1301GD T-Shirt | American Apparel',20,0,30,1.4,'active',false,true,'calculator','[{"name": "Faded Army", "hex": "#4A412A", "image": "https://pub-fbec7c9199f04af8ab95a413a4620d37.r2.dev/suppliers/gildan/products/_variants/w400/1301gd/1301gd-fadedarmy-front.webp"}, {"name": "Faded Black", "hex": "#4E4B48", "image": "https://pub-fbec7c9199f04af8ab95a413a4620d37.r2.dev/suppliers/gildan/products/_variants/w400/1301gd/1301gd-fadedblack-front.webp"}, {"name": "Faded Brown", "hex": "#796E5A", "image": "https://pub-fbec7c9199f04af8ab95a413a4620d37.r2.dev/suppliers/gildan/products/_variants/w400/1301gd/1301gd-fadedbrown-front.webp"}, {"name": "Faded Cream", "hex": "#EFDBB2", "image": "https://pub-fbec7c9199f04af8ab95a413a4620d37.r2.dev/suppliers/gildan/products/_variants/w400/1301gd/1301gd-fadedcream-front.webp"}, {"name": "Faded Mustard", "hex": "#C39367", "image": "https://pub-fbec7c9199f04af8ab95a413a4620d37.r2.dev/suppliers/gildan/products/_variants/w400/1301gd/1301gd-fadedmustard-front.webp"}, {"name": "Faded Navy", "hex": "#425563", "image": "https://pub-fbec7c9199f04af8ab95a413a4620d37.r2.dev/suppliers/gildan/products/_variants/w400/1301gd/1301gd-fadednavy-front.webp"}, {"name": "TrueBlack", "hex": "", "image": "https://pub-fbec7c9199f04af8ab95a413a4620d37.r2.dev/suppliers/gildan/products/_variants/w400/1301gd/1301gd-trueblack-front.webp"}]'::jsonb,'{"composition": "100% US Cotton", "weight_gsm": "203", "fit": "Relaxed Fit"}'::jsonb,'["Fabric Weight: 203g/㎡", "Fabric Composition: 100% US Cotton", "The Heavyweight Cotton collection offers rough and tumble must-haves", "Garment dyed for that vintage, faded look and almost no shrinkage at home", "Wide rib collar", "Taped neck and shoulders for comfort and durability", "Relaxed fit, seamless body", "Recycled tear away label", "Companion style: 307GD", "Proud member of the U.S. Cotton Trust Protocol", "Made with OEKO-TEX certified low-impact dyes", "Plastic waste is diverted from landfills annually by the removal of polybags from all products except colour White"]'::jsonb,'{"unit": "cm", "measurements": [{"name": "Width (A)", "values": ["46", "51", "56", "61", "66", "71"]}, {"name": "Length (B)", "values": ["67", "72", "77", "80", "83", "85"]}, {"name": "Sleeve Center Back (D2)", "values": ["41", "45", "50", "53", "55", "60"]}], "sizes": ["S", "M", "L", "XL", "2XL", "3XL"]}'::jsonb,null,'{"Cotton"}','{"Screen Print","DTG","DTF","Embroidery"}',true,'local_stock');
insert into public.pricing_tiers (product_id,min_qty,base_price,sort_order) values ('a2f3990b-2b5b-4268-b2e9-d1a3d526e36a',20,10.7,1);
insert into public.product_colours (product_id,name,hex,images,sort_order) values ('a2f3990b-2b5b-4268-b2e9-d1a3d526e36a','Gallery',null,'["https://pub-fbec7c9199f04af8ab95a413a4620d37.r2.dev/suppliers/gildan/products/_variants/w400/1301gd/1301gd-blackblack-01.webp", "https://pub-fbec7c9199f04af8ab95a413a4620d37.r2.dev/suppliers/gildan/products/_variants/w400/1301gd/1301gd-blackblack-02.webp", "https://pub-fbec7c9199f04af8ab95a413a4620d37.r2.dev/suppliers/gildan/products/_variants/w400/1301gd/1301gd-fadedarmy-front.webp"]'::jsonb,0);
insert into public.products (id,supplier,supplier_name,supplier_sku,supplier_code,name,slug,category,gender,brand,description,short_desc,seo_description,meta_description,meta_title,min_qty,setup_fee,shipping,margin,status,is_published,decoration_required,decoration_model,colours,specs,features,size_chart,size_pricing,material_tags,print_methods,is_eco,fulfillment) values ('2e5ddbef-8fd4-4d70-bea3-cac7c149794d','Gildan Brands','American Apparel','1PQ','1PQ','American Apparel® 1PQ T-Shirt','american-apparel-1pq-t-shirt-1pq','T-Shirts','Unisex','American Apparel','Textured pique mock-neck tee in heavyweight combed cotton with a relaxed fit, pairs with matching shorts.','Textured pique mock-neck tee in heavyweight combed cotton with a relaxed fit, pairs with matching shorts.','Print your logo on the American Apparel® 1PQ T-Shirt — 223 GSM. Screen Print/DTG/DTF/Embroidery from 20.','Custom printed American Apparel® 1PQ T-Shirt by American Apparel. 100% Combed Ring Spun Cotton. Screen Print/DTG/DTF/Embroidery, min 20. Fast Australia-wide.','Custom Printed American Apparel® 1PQ T-Shirt | American Apparel',20,0,30,1.4,'active',false,true,'calculator','[{"name": "Arctic", "hex": "#648589", "image": "https://pub-fbec7c9199f04af8ab95a413a4620d37.r2.dev/suppliers/gildan/products/_variants/w400/1pq/1pq-arctic-front.webp"}, {"name": "Black", "hex": "#101820", "image": "https://pub-fbec7c9199f04af8ab95a413a4620d37.r2.dev/suppliers/gildan/products/_variants/w400/1pq/1pq-black-front.webp"}, {"name": "Bone", "hex": "#D1C1A8", "image": "https://pub-fbec7c9199f04af8ab95a413a4620d37.r2.dev/suppliers/gildan/products/_variants/w400/1pq/1pq-bone-front.webp"}, {"name": "Heather Grey", "hex": "#97999B", "image": "https://pub-fbec7c9199f04af8ab95a413a4620d37.r2.dev/suppliers/gildan/products/_variants/w400/1pq/1pq-heathergrey-front.webp"}, {"name": "Lieutenant", "hex": "#65665C", "image": "https://pub-fbec7c9199f04af8ab95a413a4620d37.r2.dev/suppliers/gildan/products/_variants/w400/1pq/1pq-lieutenant-front.webp"}]'::jsonb,'{"composition": "100% Combed Ring Spun Cotton", "weight_gsm": "223", "fit": "Relaxed Fit"}'::jsonb,'["Fabric Weight: 223g/㎡", "Fabric Composition: 100% Combed ring spun cotton, textured pique fabric", "These cool, textured, heavy weight styles are the perfect retail ready items for your collection.", "Heavy weight ring spun cotton pique fabric", "Rib mockneck collar", "Relaxed fit, side seamed body", "Recycled tear away label", "Complete the look with our matching gym shorts: 2PQ", "Proud member of the U.S. Cotton Trust Protocol", "Made with OEKO-TEX certified low-impact dyes", "Plastic waste is diverted from landfills annually by the removal of polybags from all products except colour White"]'::jsonb,'{"unit": "cm", "measurements": [{"name": "Width (A)", "values": ["48", "53", "58", "64", "69"]}, {"name": "Length (B)", "values": ["71", "74", "76", "79", "81"]}, {"name": "Sleeve Center Back (D2)", "values": ["45", "48", "50", "53", "56"]}], "sizes": ["S", "M", "L", "XL", "2XL"]}'::jsonb,null,'{"Cotton"}','{"Screen Print","DTG","DTF","Embroidery"}',true,'local_stock');
insert into public.pricing_tiers (product_id,min_qty,base_price,sort_order) values ('2e5ddbef-8fd4-4d70-bea3-cac7c149794d',20,10.7,1);
insert into public.product_colours (product_id,name,hex,images,sort_order) values ('2e5ddbef-8fd4-4d70-bea3-cac7c149794d','Gallery',null,'["https://pub-fbec7c9199f04af8ab95a413a4620d37.r2.dev/suppliers/gildan/products/_variants/w400/1pq/1pq-arctic-01.webp", "https://pub-fbec7c9199f04af8ab95a413a4620d37.r2.dev/suppliers/gildan/products/_variants/w400/1pq/1pq-arctic-02.webp", "https://pub-fbec7c9199f04af8ab95a413a4620d37.r2.dev/suppliers/gildan/products/_variants/w400/1pq/1pq-arctic-front.webp"]'::jsonb,0);
insert into public.products (id,supplier,supplier_name,supplier_sku,supplier_code,name,slug,category,gender,brand,description,short_desc,seo_description,meta_description,meta_title,min_qty,setup_fee,shipping,margin,status,is_published,decoration_required,decoration_model,colours,specs,features,size_chart,size_pricing,material_tags,print_methods,is_eco,fulfillment) values ('bb8c7476-2fca-4d99-9da8-3f5757b92373','Gildan Brands','American Apparel','2001CVC','2001CVC','American Apparel® 2001CVC T-Shirt','american-apparel-2001cvc-t-shirt-2001cvc','T-Shirts','Unisex','American Apparel','Everyday CVC-blend crew tee combining combed cotton and recycled polyester for a soft, sustainable basic.','Everyday CVC-blend crew tee combining combed cotton and recycled polyester for a soft, sustainable basic.','Print your logo on the American Apparel® 2001CVC T-Shirt — 156 GSM. Screen Print/DTG/DTF/Embroidery from 20.','Custom printed American Apparel® 2001CVC T-Shirt by American Apparel. 60% Combed Ring Spun Cotton / 40% Polyester. Screen Print/DTG/DTF/Embroidery, min 20. Fast Australia-wide.','Custom Printed American Apparel® 2001CVC T-Shirt | American Apparel',20,0,30,1.4,'active',false,true,'calculator','[{"name": "Black", "hex": "#101820", "image": "https://pub-fbec7c9199f04af8ab95a413a4620d37.r2.dev/suppliers/gildan/products/_variants/w400/2001cvc/2001cvc-black-front.webp"}, {"name": "Heather Arctic", "hex": "#6F9BA4", "image": "https://pub-fbec7c9199f04af8ab95a413a4620d37.r2.dev/suppliers/gildan/products/_variants/w400/2001cvc/2001cvc-heatherarctic-front.webp"}, {"name": "Heather Army", "hex": "#63513D", "image": "https://pub-fbec7c9199f04af8ab95a413a4620d37.r2.dev/suppliers/gildan/products/_variants/w400/2001cvc/2001cvc-heatherarmy-front.webp"}, {"name": "Heather Asphalt", "hex": "#53565A", "image": "https://pub-fbec7c9199f04af8ab95a413a4620d37.r2.dev/suppliers/gildan/products/_variants/w400/2001cvc/2001cvc-heatherasphalt-front.webp"}, {"name": "HeatherBlack", "hex": "", "image": "https://pub-fbec7c9199f04af8ab95a413a4620d37.r2.dev/suppliers/gildan/products/_variants/w400/2001cvc/2001cvc-heatherblack-front.webp"}, {"name": "Heather Blush", "hex": "#CCA1A6", "image": "https://pub-fbec7c9199f04af8ab95a413a4620d37.r2.dev/suppliers/gildan/products/_variants/w400/2001cvc/2001cvc-heatherblush-front.webp"}, {"name": "Heather Bone", "hex": "#CDC4AA", "image": "https://pub-fbec7c9199f04af8ab95a413a4620d37.r2.dev/suppliers/gildan/products/_variants/w400/2001cvc/2001cvc-heatherbone-front.webp"}, {"name": "Heather Brown", "hex": "#6F5D58", "image": "https://pub-fbec7c9199f04af8ab95a413a4620d37.r2.dev/suppliers/gildan/products/_variants/w400/2001cvc/2001cvc-heatherbrown-front.webp"}, {"name": "Heather Burgundy", "hex": "#6F263D", "image": "https://pub-fbec7c9199f04af8ab95a413a4620d37.r2.dev/suppliers/gildan/products/_variants/w400/2001cvc/2001cvc-heatherburgundy-front.webp"}, {"name": "Heather Canyon", "hex": "#AD6960", "image": "https://pub-fbec7c9199f04af8ab95a413a4620d37.r2.dev/suppliers/gildan/products/_variants/w400/2001cvc/2001cvc-heathercanyon-front.webp"}, {"name": "Heather Cardinal", "hex": "#923838", "image": "https://pub-fbec7c9199f04af8ab95a413a4620d37.r2.dev/suppliers/gildan/products/_variants/w400/2001cvc/2001cvc-heathercardinal-front.webp"}, {"name": "Heather Celadon", "hex": "#8FD4BC", "image": "https://pub-fbec7c9199f04af8ab95a413a4620d37.r2.dev/suppliers/gildan/products/_variants/w400/2001cvc/2001cvc-heatherceladon-front.webp"}, {"name": "Heather Coral", "hex": "#FF8188", "image": "https://pub-fbec7c9199f04af8ab95a413a4620d37.r2.dev/suppliers/gildan/products/_variants/w400/2001cvc/2001cvc-heathercoral-front.webp"}, {"name": "Heather Cranberry", "hex": "#87354C", "image": "https://pub-fbec7c9199f04af8ab95a413a4620d37.r2.dev/suppliers/gildan/products/_variants/w400/2001cvc/2001cvc-heathercranberry-front.webp"}, {"name": "Heather Cream", "hex": "#F8E0A4", "image": "https://pub-fbec7c9199f04af8ab95a413a4620d37.r2.dev/suppliers/gildan/products/_variants/w400/2001cvc/2001cvc-heathercream-front.webp"}, {"name": "Heather Eggplant", "hex": "#5E4D62", "image": "https://pub-fbec7c9199f04af8ab95a413a4620d37.r2.dev/suppliers/gildan/products/_variants/w400/2001cvc/2001cvc-heathereggplant-front.webp"}, {"name": "HeatherForestGreen", "hex": "", "image": "https://pub-fbec7c9199f04af8ab95a413a4620d37.r2.dev/suppliers/gildan/products/_variants/w400/2001cvc/2001cvc-heatherforestgreen-front.webp"}, {"name": "Heather Grape", "hex": "#3F2A55", "image": "https://pub-fbec7c9199f04af8ab95a413a4620d37.r2.dev/suppliers/gildan/products/_variants/w400/2001cvc/2001cvc-heathergrape-front.webp"}, {"name": "Heather Grey", "hex": "#97999B", "image": "https://pub-fbec7c9199f04af8ab95a413a4620d37.r2.dev/suppliers/gildan/products/_variants/w400/2001cvc/2001cvc-heathergrey-front.webp"}, {"name": "Heather Khaki", "hex": "#A39382", "image": "https://pub-fbec7c9199f04af8ab95a413a4620d37.r2.dev/suppliers/gildan/products/_variants/w400/2001cvc/2001cvc-heatherkhaki-front.webp"}, {"name": "Heather Lapis", "hex": "#151F6D", "image": "https://pub-fbec7c9199f04af8ab95a413a4620d37.r2.dev/suppliers/gildan/products/_variants/w400/2001cvc/2001cvc-heatherlapis-front.webp"}, {"name": "Heather Mustard", "hex": "#D39237", "image": "https://pub-fbec7c9199f04af8ab95a413a4620d37.r2.dev/suppliers/gildan/products/_variants/w400/2001cvc/2001cvc-heathermustard-front.webp"}, {"name": "Heather Navy", "hex": "#475D76", "image": "https://pub-fbec7c9199f04af8ab95a413a4620d37.r2.dev/suppliers/gildan/products/_variants/w400/2001cvc/2001cvc-heathernavy-front.webp"}, {"name": "Heather Nephrite", "hex": "#89A06B", "image": "https://pub-fbec7c9199f04af8ab95a413a4620d37.r2.dev/suppliers/gildan/products/_variants/w400/2001cvc/2001cvc-heathernephrite-front.webp"}, {"name": "Heather Olive", "hex": "#526E3E", "image": "https://pub-fbec7c9199f04af8ab95a413a4620d37.r2.dev/suppliers/gildan/products/_variants/w400/2001cvc/2001cvc-heatherolive-front.webp"}, {"name": "Heather Orange", "hex": "#F87C56", "image": "https://pub-fbec7c9199f04af8ab95a413a4620d37.r2.dev/suppliers/gildan/products/_variants/w400/2001cvc/2001cvc-heatherorange-front.webp"}, {"name": "Heather Panna Cotta", "hex": "#F9E17D", "image": "https://pub-fbec7c9199f04af8ab95a413a4620d37.r2.dev/suppliers/gildan/products/_variants/w400/2001cvc/2001cvc-heatherpannacotta-front.webp"}, {"name": "Heather Pink", "hex": "#F1BDC8", "image": "https://pub-fbec7c9199f04af8ab95a413a4620d37.r2.dev/suppliers/gildan/products/_variants/w400/2001cvc/2001cvc-heatherpink-front.webp"}, {"name": "Heather Purple", "hex": "#535486", "image": "https://pub-fbec7c9199f04af8ab95a413a4620d37.r2.dev/suppliers/gildan/products/_variants/w400/2001cvc/2001cvc-heatherpurple-front.webp"}, {"name": "Heather Royal Blue", "hex": "#1C57A5", "image": "https://pub-fbec7c9199f04af8ab95a413a4620d37.r2.dev/suppliers/gildan/products/_variants/w400/2001cvc/2001cvc-heatherroyalblue-front.webp"}, {"name": "Heather Sage", "hex": "#A4B79C", "image": "https://pub-fbec7c9199f04af8ab95a413a4620d37.r2.dev/suppliers/gildan/products/_variants/w400/2001cvc/2001cvc-heathersage-front.webp"}, {"name": "Heather Sea Blue", "hex": "#355B6C", "image": "https://pub-fbec7c9199f04af8ab95a413a4620d37.r2.dev/suppliers/gildan/products/_variants/w400/2001cvc/2001cvc-heatherseablue-front.webp"}, {"name": "Heather Super Pink", "hex": "#B7448C", "image": "https://pub-fbec7c9199f04af8ab95a413a4620d37.r2.dev/suppliers/gildan/products/_variants/w400/2001cvc/2001cvc-heathersuperpink-front.webp"}, {"name": "Heather Teal", "hex": "#009CCF", "image": "https://pub-fbec7c9199f04af8ab95a413a4620d37.r2.dev/suppliers/gildan/products/_variants/w400/2001cvc/2001cvc-heatherteal-front.webp"}, {"name": "Heather Yellow", "hex": "#F6CE3C", "image": "https://pub-fbec7c9199f04af8ab95a413a4620d37.r2.dev/suppliers/gildan/products/_variants/w400/2001cvc/2001cvc-heatheryellow-front.webp"}, {"name": "White", "hex": "#FFFFFF", "image": "https://pub-fbec7c9199f04af8ab95a413a4620d37.r2.dev/suppliers/gildan/products/_variants/w400/2001cvc/2001cvc-white-front.webp"}]'::jsonb,'{"composition": "60% Combed Ring Spun Cotton / 40% Polyester", "weight_gsm": "156", "fit": "Relaxed Fit"}'::jsonb,'["Fabric Weight: 156g/㎡", "Fabric Composition: 60% Combed Ring Spun Cotton, 40% Recycled Polyester", "Comfortable everyday style", "Soft ring spun CVC fabric made with recycled polyester", "Non-topstitched, classic width, rib collar", "Taped neck and shoulders for comfort and durability", "Relaxed fit, side seamed body", "Tear away label", "Proud Better Cotton member", "Cotton products from American Apparel support more sustainable + ethical cotton farming"]'::jsonb,'{"unit": "cm", "measurements": [{"name": "Width (A)", "values": ["46", "51", "56", "61", "66", "71"]}, {"name": "Length (B)", "values": ["72", "74", "77", "79", "82", "84"]}, {"name": "Sleeve Center Back (D2)", "values": ["42", "45", "47", "50", "52", "55"]}], "sizes": ["S", "M", "L", "XL", "2XL", "3XL"]}'::jsonb,'{"2XL": 11.55, "3XL": 11.55}'::jsonb,'{"Cotton","Polyester"}','{"Screen Print","DTG","DTF","Embroidery"}',true,'local_stock');
insert into public.pricing_tiers (product_id,min_qty,base_price,sort_order) values ('bb8c7476-2fca-4d99-9da8-3f5757b92373',20,7.75,1);
insert into public.product_colours (product_id,name,hex,images,sort_order) values ('bb8c7476-2fca-4d99-9da8-3f5757b92373','Gallery',null,'["https://pub-fbec7c9199f04af8ab95a413a4620d37.r2.dev/suppliers/gildan/products/_variants/w400/2001cvc/2001cvc-black-01.webp", "https://pub-fbec7c9199f04af8ab95a413a4620d37.r2.dev/suppliers/gildan/products/_variants/w400/2001cvc/2001cvc-black-02.webp", "https://pub-fbec7c9199f04af8ab95a413a4620d37.r2.dev/suppliers/gildan/products/_variants/w400/2001cvc/2001cvc-black-front.webp"]'::jsonb,0);
insert into public.products (id,supplier,supplier_name,supplier_sku,supplier_code,name,slug,category,gender,brand,description,short_desc,seo_description,meta_description,meta_title,min_qty,setup_fee,shipping,margin,status,is_published,decoration_required,decoration_model,colours,specs,features,size_chart,size_pricing,material_tags,print_methods,is_eco,fulfillment) values ('62ea9a73-9e03-4e81-85ed-9012bc54d58d','Gildan Brands','American Apparel','2003CVC','2003CVC','American Apparel® 2003CVC T-Shirt','american-apparel-2003cvc-t-shirt-2003cvc','T-Shirts','Unisex','American Apparel','Raglan-sleeve tee in CVC cotton-poly blend with contrast collar detailing and a relaxed fit.','Raglan-sleeve tee in CVC cotton-poly blend with contrast collar detailing and a relaxed fit.','Print your logo on the American Apparel® 2003CVC T-Shirt — 156 GSM. Screen Print/DTG/DTF/Embroidery from 20.','Custom printed American Apparel® 2003CVC T-Shirt by American Apparel. 60% Combed Ring Spun Cotton / 40% Polyester. Screen Print/DTG/DTF/Embroidery, min 20. Fast Australia-wide.','Custom Printed American Apparel® 2003CVC T-Shirt | American Apparel',20,0,30,1.4,'active',false,true,'calculator','[{"name": "Black/White", "hex": "#FFFFFF", "image": "https://pub-fbec7c9199f04af8ab95a413a4620d37.r2.dev/suppliers/gildan/products/_variants/w400/2003cvc/2003cvc-black-white-front.webp"}, {"name": "Charcoal_Black", "hex": "", "image": "https://pub-fbec7c9199f04af8ab95a413a4620d37.r2.dev/suppliers/gildan/products/_variants/w400/2003cvc/2003cvc-charcoal-black-front.webp"}, {"name": "HeatherBone", "hex": "", "image": "https://pub-fbec7c9199f04af8ab95a413a4620d37.r2.dev/suppliers/gildan/products/_variants/w400/2003cvc/2003cvc-heatherbone-front.webp"}, {"name": "HeatherIndigo", "hex": "", "image": "https://pub-fbec7c9199f04af8ab95a413a4620d37.r2.dev/suppliers/gildan/products/_variants/w400/2003cvc/2003cvc-heatherindigo-front.webp"}, {"name": "HeatherMustard", "hex": "", "image": "https://pub-fbec7c9199f04af8ab95a413a4620d37.r2.dev/suppliers/gildan/products/_variants/w400/2003cvc/2003cvc-heathermustard-front.webp"}, {"name": "White/Black", "hex": "#101820", "image": "https://pub-fbec7c9199f04af8ab95a413a4620d37.r2.dev/suppliers/gildan/products/_variants/w400/2003cvc/2003cvc-white-black-front.webp"}]'::jsonb,'{"composition": "60% Combed Ring Spun Cotton / 40% Polyester", "weight_gsm": "156", "fit": "Relaxed Fit"}'::jsonb,'["Fabric Weight: 156g/㎡", "Fabric Composition: 60% Combed Ring Spun Cotton, 40% Recycled Polyester", "Comfortable everyday style", "Soft ring spun CVC fabric made with recycled polyester", "Subtle heather appearance on all Colours except Black and White", "Contrasting, classic width, rib collar", "Contrasting 3/4 raglan sleeves", "Relaxed fit, side seamed body", "Tear away label", "Proud Better Cotton member", "Cotton products from American Apparel support more sustainable + ethical cotton farming"]'::jsonb,'{"unit": "cm", "measurements": [{"name": "Width (A)", "values": ["46", "51", "56", "61", "66", "71"]}, {"name": "Length (B)", "values": ["72", "74", "77", "79", "82", "82"]}, {"name": "Sleeve Center Back (D2)", "values": ["57", "58", "60", "62", "63", "65"]}], "sizes": ["S", "M", "L", "XL", "2XL", "3XL"]}'::jsonb,null,'{"Cotton","Polyester"}','{"Screen Print","DTG","DTF","Embroidery"}',true,'local_stock');
insert into public.pricing_tiers (product_id,min_qty,base_price,sort_order) values ('62ea9a73-9e03-4e81-85ed-9012bc54d58d',20,7.75,1);
insert into public.product_colours (product_id,name,hex,images,sort_order) values ('62ea9a73-9e03-4e81-85ed-9012bc54d58d','Gallery',null,'["https://pub-fbec7c9199f04af8ab95a413a4620d37.r2.dev/suppliers/gildan/products/_variants/w400/2003cvc/2003cvc-black-white-01.webp", "https://pub-fbec7c9199f04af8ab95a413a4620d37.r2.dev/suppliers/gildan/products/_variants/w400/2003cvc/2003cvc-black-white-02.webp", "https://pub-fbec7c9199f04af8ab95a413a4620d37.r2.dev/suppliers/gildan/products/_variants/w400/2003cvc/2003cvc-black-white-front.webp"]'::jsonb,0);
insert into public.products (id,supplier,supplier_name,supplier_sku,supplier_code,name,slug,category,gender,brand,description,short_desc,seo_description,meta_description,meta_title,min_qty,setup_fee,shipping,margin,status,is_published,decoration_required,decoration_model,colours,specs,features,size_chart,size_pricing,material_tags,print_methods,is_eco,fulfillment) values ('5285ae30-164e-423a-96a5-870fbb833a7c','Gildan Brands','American Apparel','2004CVC','2004CVC','American Apparel® 2004CVC T-Shirt','american-apparel-2004cvc-t-shirt-2004cvc','T-Shirts','Unisex','American Apparel','Henley-style tee in CVC blend fabric with placket buttons and a relaxed silhouette.','Henley-style tee in CVC blend fabric with placket buttons and a relaxed silhouette.','Print your logo on the American Apparel® 2004CVC T-Shirt — 156 GSM. Screen Print/DTG/DTF/Embroidery from 20.','Custom printed American Apparel® 2004CVC T-Shirt by American Apparel. 60% Combed Ring Spun Cotton / 40% Polyester. Screen Print/DTG/DTF/Embroidery, min 20. Fast Australia-wide.','Custom Printed American Apparel® 2004CVC T-Shirt | American Apparel',20,0,30,1.4,'active',false,true,'calculator','[{"name": "2004_Black", "hex": "", "image": "https://pub-fbec7c9199f04af8ab95a413a4620d37.r2.dev/suppliers/gildan/products/_variants/w400/2004cvc/2004cvc-2004-black-front.webp"}, {"name": "2004_HeatherArmy", "hex": "", "image": "https://pub-fbec7c9199f04af8ab95a413a4620d37.r2.dev/suppliers/gildan/products/_variants/w400/2004cvc/2004cvc-2004-heatherarmy-front.webp"}, {"name": "2004_HeatherBone", "hex": "", "image": "https://pub-fbec7c9199f04af8ab95a413a4620d37.r2.dev/suppliers/gildan/products/_variants/w400/2004cvc/2004cvc-2004-heatherbone-front.webp"}, {"name": "2004_HeatherCharcoal", "hex": "", "image": "https://pub-fbec7c9199f04af8ab95a413a4620d37.r2.dev/suppliers/gildan/products/_variants/w400/2004cvc/2004cvc-2004-heathercharcoal-front.webp"}, {"name": "2004_HeatherIndigo", "hex": "", "image": "https://pub-fbec7c9199f04af8ab95a413a4620d37.r2.dev/suppliers/gildan/products/_variants/w400/2004cvc/2004cvc-2004-heatherindigo-front.webp"}]'::jsonb,'{"composition": "60% Combed Ring Spun Cotton / 40% Polyester", "weight_gsm": "156", "fit": "Relaxed Fit"}'::jsonb,'["Fabric weight: 156g/㎡", "Fabric composition: 60% combed ring-spun cotton, 40% recycled polyester", "Comfortable everyday style", "Soft ring spun CVC fabric made with recycled polyester", "Subtle heather appearance on all Colours except Black and White", "Taped neck and shoulders for comfort and durability", "Slim placket with dyed to match buttons", "Relaxed fit, side seamed body", "Tear away label", "Proud Better Cotton member", "Cotton products from American Apparel support more sustainable + ethical cotton farming"]'::jsonb,'{"unit": "cm", "measurements": [{"name": "Width (A)", "values": ["46", "51", "56", "61", "66"]}, {"name": "Length (B)", "values": ["72", "74", "77", "79", "82"]}, {"name": "Sleeve Center Back (D2)", "values": ["42", "45", "47", "50", "52"]}], "sizes": ["S", "M", "L", "XL", "2XL"]}'::jsonb,null,'{"Cotton","Polyester"}','{"Screen Print","DTG","DTF","Embroidery"}',true,'local_stock');
insert into public.pricing_tiers (product_id,min_qty,base_price,sort_order) values ('5285ae30-164e-423a-96a5-870fbb833a7c',20,7.75,1);
insert into public.product_colours (product_id,name,hex,images,sort_order) values ('5285ae30-164e-423a-96a5-870fbb833a7c','Gallery',null,'["https://pub-fbec7c9199f04af8ab95a413a4620d37.r2.dev/suppliers/gildan/products/_variants/w400/2004cvc/2004cvc-heatherbone-01.webp", "https://pub-fbec7c9199f04af8ab95a413a4620d37.r2.dev/suppliers/gildan/products/_variants/w400/2004cvc/2004cvc-heatherbone-02.webp", "https://pub-fbec7c9199f04af8ab95a413a4620d37.r2.dev/suppliers/gildan/products/_variants/w400/2004cvc/2004cvc-2004-black-front.webp"]'::jsonb,0);
insert into public.products (id,supplier,supplier_name,supplier_sku,supplier_code,name,slug,category,gender,brand,description,short_desc,seo_description,meta_description,meta_title,min_qty,setup_fee,shipping,margin,status,is_published,decoration_required,decoration_model,colours,specs,features,size_chart,size_pricing,material_tags,print_methods,is_eco,fulfillment) values ('bd862449-f2b3-40e4-b857-8d7aa71a7542','Gildan Brands','American Apparel','2006CVC','2006CVC','American Apparel® 2006CVC T-Shirt','american-apparel-2006cvc-t-shirt-2006cvc','T-Shirts','Unisex','American Apparel','Slim rib-collar tee in soft CVC blend fabric offering a relaxed everyday fit.','Slim rib-collar tee in soft CVC blend fabric offering a relaxed everyday fit.','Print your logo on the American Apparel® 2006CVC T-Shirt — 156 GSM. Screen Print/DTG/DTF/Embroidery from 20.','Custom printed American Apparel® 2006CVC T-Shirt by American Apparel. 60% Combed Ring Spun Cotton / 40% Polyester. Screen Print/DTG/DTF/Embroidery, min 20. Fast Australia-wide.','Custom Printed American Apparel® 2006CVC T-Shirt | American Apparel',20,0,30,1.4,'active',false,true,'calculator','[{"name": "Black", "hex": "#101820", "image": "https://pub-fbec7c9199f04af8ab95a413a4620d37.r2.dev/suppliers/gildan/products/_variants/w400/2006cvc/2006cvc-black-front.webp"}, {"name": "Heather Army", "hex": "#63513D", "image": "https://pub-fbec7c9199f04af8ab95a413a4620d37.r2.dev/suppliers/gildan/products/_variants/w400/2006cvc/2006cvc-heatherarmy-front.webp"}, {"name": "Heather Blush", "hex": "#CCA1A6", "image": "https://pub-fbec7c9199f04af8ab95a413a4620d37.r2.dev/suppliers/gildan/products/_variants/w400/2006cvc/2006cvc-heatherblush-front.webp"}, {"name": "Heather Bone", "hex": "#CDC4AA", "image": "https://pub-fbec7c9199f04af8ab95a413a4620d37.r2.dev/suppliers/gildan/products/_variants/w400/2006cvc/2006cvc-heatherbone-front.webp"}, {"name": "HeatherCanyon", "hex": "", "image": "https://pub-fbec7c9199f04af8ab95a413a4620d37.r2.dev/suppliers/gildan/products/_variants/w400/2006cvc/2006cvc-heathercanyon-front.webp"}, {"name": "Heather Charcoal", "hex": "#54585A", "image": "https://pub-fbec7c9199f04af8ab95a413a4620d37.r2.dev/suppliers/gildan/products/_variants/w400/2006cvc/2006cvc-heathercharcoal-front.webp"}, {"name": "Heather Khaki", "hex": "#A39382", "image": "https://pub-fbec7c9199f04af8ab95a413a4620d37.r2.dev/suppliers/gildan/products/_variants/w400/2006cvc/2006cvc-heatherkhaki-front.webp"}, {"name": "White", "hex": "#FFFFFF", "image": "https://pub-fbec7c9199f04af8ab95a413a4620d37.r2.dev/suppliers/gildan/products/_variants/w400/2006cvc/2006cvc-white-front.webp"}]'::jsonb,'{"composition": "60% Combed Ring Spun Cotton / 40% Polyester", "weight_gsm": "156", "fit": "Relaxed Fit"}'::jsonb,'["Fabric weight: 156g/㎡", "Fabric composition: 60% combed ring-spun cotton, 40% recycled polyester", "Comfortable everyday style", "Soft ring spun CVC fabric made with recycled polyester", "Subtle heather appearance on all Colours except Black and White", "Narrow width, rib collar", "Taped neck and shoulders for comfort and durability", "Relaxed fit, side seamed body", "Tear away label", "Proud Better Cotton member", "Cotton products from American Apparel support more sustainable + ethical cotton farming"]'::jsonb,'{"unit": "cm", "measurements": [{"name": "Width (A)", "values": ["46", "51", "56", "61", "66", null]}, {"name": "Length (B)", "values": ["72", "74", "77", "79", "82", null]}, {"name": "Sleeve Center Back (D2)", "values": ["42", "45", "47", "50", "52", null]}], "sizes": ["S", "M", "L", "XL", "2XL", "3XL"]}'::jsonb,null,'{"Cotton","Polyester"}','{"Screen Print","DTG","DTF","Embroidery"}',true,'local_stock');
insert into public.pricing_tiers (product_id,min_qty,base_price,sort_order) values ('bd862449-f2b3-40e4-b857-8d7aa71a7542',20,7.75,1);
insert into public.product_colours (product_id,name,hex,images,sort_order) values ('bd862449-f2b3-40e4-b857-8d7aa71a7542','Gallery',null,'["https://pub-fbec7c9199f04af8ab95a413a4620d37.r2.dev/suppliers/gildan/products/_variants/w400/2006cvc/2006cvc-black-01.webp", "https://pub-fbec7c9199f04af8ab95a413a4620d37.r2.dev/suppliers/gildan/products/_variants/w400/2006cvc/2006cvc-black-02.webp", "https://pub-fbec7c9199f04af8ab95a413a4620d37.r2.dev/suppliers/gildan/products/_variants/w400/2006cvc/2006cvc-black-front.webp"]'::jsonb,0);
insert into public.products (id,supplier,supplier_name,supplier_sku,supplier_code,name,slug,category,gender,brand,description,short_desc,seo_description,meta_description,meta_title,min_qty,setup_fee,shipping,margin,status,is_published,decoration_required,decoration_model,colours,specs,features,size_chart,size_pricing,material_tags,print_methods,is_eco,fulfillment) values ('fc3330df-f017-4588-8706-25d664ecf2e7','Gildan Brands','American Apparel','2PQ','2PQ','American Apparel® 2PQ Shorts','american-apparel-2pq-shorts-2pq','Shorts','Unisex','American Apparel','Heavyweight pique gym shorts with elastic drawcord waistband and pockets, matches the 1PQ mockneck tee.','Heavyweight pique gym shorts with elastic drawcord waistband and pockets, matches the 1PQ mockneck tee.','Print your logo on the American Apparel® 2PQ Shorts — 233 GSM. Screen Print/DTG/DTF/Embroidery from 20.','Custom printed American Apparel® 2PQ Shorts by American Apparel. 100% Combed Ring Spun Cotton. Screen Print/DTG/DTF/Embroidery, min 20. Fast Australia-wide.','Custom Printed American Apparel® 2PQ Shorts | American Apparel',20,0,30,1.4,'active',false,true,'calculator','[{"name": "Arctic", "hex": "#648589", "image": "https://pub-fbec7c9199f04af8ab95a413a4620d37.r2.dev/suppliers/gildan/products/_variants/w400/2pq/2pq-arctic-front.webp"}, {"name": "Black", "hex": "#101820", "image": "https://pub-fbec7c9199f04af8ab95a413a4620d37.r2.dev/suppliers/gildan/products/_variants/w400/2pq/2pq-black-front.webp"}, {"name": "Bone", "hex": "#D1C1A8", "image": "https://pub-fbec7c9199f04af8ab95a413a4620d37.r2.dev/suppliers/gildan/products/_variants/w400/2pq/2pq-bone-front.webp"}, {"name": "Heather Grey", "hex": "#97999B", "image": "https://pub-fbec7c9199f04af8ab95a413a4620d37.r2.dev/suppliers/gildan/products/_variants/w400/2pq/2pq-heathergrey-front.webp"}]'::jsonb,'{"composition": "100% Combed Ring Spun Cotton", "weight_gsm": "233", "fit": "Relaxed Fit"}'::jsonb,'["Fabric Weight: 223g/㎡ (note: page also lists 233g/㎡ in a separate summary line — site data inconsistency, both values shown as found)", "Fabric Composition: 100% Combed ring spun cotton, textured pique fabric", "These cool, textured, heavy weight styles are the perfect retail ready items for your collection.", "Heavy weight ring spun cotton pique fabric", "Relaxed fit, side seamed body", "Covered elastic waistband with internal white drawcord", "Back pocket and self-fabric side pockets", "Recycled tear away label", "Complete the look with our matching Mockneck T-shirt: 1PQ", "Proud member of the U.S. Cotton Trust Protocol", "Made with OEKO-TEX certified low-impact dyes", "Plastic waste is diverted from landfills annually by the removal of polybags from all products except colour White"]'::jsonb,'{"unit": "cm", "measurements": [{"name": "Width (A)", "values": ["18", "18", "18", "18", "19"]}, {"name": "Length (B)", "values": ["41", "43", "46", "50", "53"]}], "sizes": ["S", "M", "L", "XL", "2XL"]}'::jsonb,null,'{"Cotton"}','{"Screen Print","DTG","DTF","Embroidery"}',true,'local_stock');
insert into public.pricing_tiers (product_id,min_qty,base_price,sort_order) values ('fc3330df-f017-4588-8706-25d664ecf2e7',20,11.25,1);
insert into public.product_colours (product_id,name,hex,images,sort_order) values ('fc3330df-f017-4588-8706-25d664ecf2e7','Gallery',null,'["https://pub-fbec7c9199f04af8ab95a413a4620d37.r2.dev/suppliers/gildan/products/_variants/w400/2pq/2pq-arctic-01.webp", "https://pub-fbec7c9199f04af8ab95a413a4620d37.r2.dev/suppliers/gildan/products/_variants/w400/2pq/2pq-arctic-02.webp", "https://pub-fbec7c9199f04af8ab95a413a4620d37.r2.dev/suppliers/gildan/products/_variants/w400/2pq/2pq-arctic-front.webp"]'::jsonb,0);
insert into public.products (id,supplier,supplier_name,supplier_sku,supplier_code,name,slug,category,gender,brand,description,short_desc,seo_description,meta_description,meta_title,min_qty,setup_fee,shipping,margin,status,is_published,decoration_required,decoration_model,colours,specs,features,size_chart,size_pricing,material_tags,print_methods,is_eco,fulfillment) values ('b5240444-3e9e-4560-9b2d-f757d883a7ce','Gildan Brands','American Apparel','307GD','307GD','American Apparel® 307GD Muscle T-Shirt','american-apparel-307gd-muscle-t-shirt-307gd','Tanks','Unisex','American Apparel','Heavyweight garment-dyed cotton muscle tee with a boxy, slightly cropped fit for women.','Heavyweight garment-dyed cotton muscle tee with a boxy, slightly cropped fit for women.','Print your logo on the American Apparel® 307GD Muscle T-Shirt — 203 GSM. Screen Print/DTG/DTF/Embroidery from 20.','Custom printed American Apparel® 307GD Muscle T-Shirt by American Apparel. 100% US Cotton. Screen Print/DTG/DTF/Embroidery, min 20. Fast Australia-wide.','Custom Printed American Apparel® 307GD Muscle T-Shirt | American Apparel',20,0,30,1.4,'active',false,true,'calculator','[{"name": "Faded Army", "hex": "#4A412A", "image": "https://pub-fbec7c9199f04af8ab95a413a4620d37.r2.dev/suppliers/gildan/products/_variants/w400/307gd/307gd-faded-army-front.webp"}, {"name": "Faded Black", "hex": "#101820", "image": "https://pub-fbec7c9199f04af8ab95a413a4620d37.r2.dev/suppliers/gildan/products/_variants/w400/307gd/307gd-faded-black-front.webp"}, {"name": "Faded Brown", "hex": "#796E5A", "image": "https://pub-fbec7c9199f04af8ab95a413a4620d37.r2.dev/suppliers/gildan/products/_variants/w400/307gd/307gd-faded-brown-front.webp"}, {"name": "Faded Cream", "hex": "#EFDBB2", "image": "https://pub-fbec7c9199f04af8ab95a413a4620d37.r2.dev/suppliers/gildan/products/_variants/w400/307gd/307gd-faded-cream-front.webp"}, {"name": "Faded Mustard", "hex": "#C39367", "image": "https://pub-fbec7c9199f04af8ab95a413a4620d37.r2.dev/suppliers/gildan/products/_variants/w400/307gd/307gd-faded-mustard-front.webp"}, {"name": "Faded Navy", "hex": "#425563", "image": "https://pub-fbec7c9199f04af8ab95a413a4620d37.r2.dev/suppliers/gildan/products/_variants/w400/307gd/307gd-faded-navy-front.webp"}, {"name": "Faded Powder Pink", "hex": "#E2ACD7", "image": "https://pub-fbec7c9199f04af8ab95a413a4620d37.r2.dev/suppliers/gildan/products/_variants/w400/307gd/307gd-fadedpowderpink-front.webp"}, {"name": "TrueBlack", "hex": "", "image": "https://pub-fbec7c9199f04af8ab95a413a4620d37.r2.dev/suppliers/gildan/products/_variants/w400/307gd/307gd-trueblack-front.webp"}]'::jsonb,'{"composition": "100% US Cotton", "weight_gsm": "203", "fit": "Boxy Fit"}'::jsonb,'["Fabric Weight: 203g/㎡", "Fabric Composition: 100% US Cotton", "The Heavyweight Cotton collection offers rough and tumble must-haves", "Garment dyed for that vintage, faded look and almost no shrinkage at home", "Wide rib collar", "Structured shoulders", "Boxy fit, slightly cropped, side seamed body", "Recycled tear away label", "Proud member of the U.S. Cotton Trust Protocol", "Made with OEKO-TEX certified low-impact dyes", "Plastic waste is diverted from landfills annually by the removal of polybags from all products except colour white"]'::jsonb,'{"unit": "cm", "measurements": [{"name": "Width (A)", "values": ["53", "56", "58", "62", "66"]}, {"name": "Length (B)", "values": ["50", "53", "56", "58", "61"]}], "sizes": ["S", "M", "L", "XL", "2XL"]}'::jsonb,null,'{"Cotton"}','{"Screen Print","DTG","DTF","Embroidery"}',true,'local_stock');
insert into public.pricing_tiers (product_id,min_qty,base_price,sort_order) values ('b5240444-3e9e-4560-9b2d-f757d883a7ce',20,10.25,1);
insert into public.product_colours (product_id,name,hex,images,sort_order) values ('b5240444-3e9e-4560-9b2d-f757d883a7ce','Gallery',null,'["https://pub-fbec7c9199f04af8ab95a413a4620d37.r2.dev/suppliers/gildan/products/_variants/w400/307gd/307gd-faded-powder-pink-01.webp", "https://pub-fbec7c9199f04af8ab95a413a4620d37.r2.dev/suppliers/gildan/products/_variants/w400/307gd/307gd-faded-powder-pink-02.webp", "https://pub-fbec7c9199f04af8ab95a413a4620d37.r2.dev/suppliers/gildan/products/_variants/w400/307gd/307gd-faded-army-front.webp"]'::jsonb,0);
insert into public.products (id,supplier,supplier_name,supplier_sku,supplier_code,name,slug,category,gender,brand,description,short_desc,seo_description,meta_description,meta_title,min_qty,setup_fee,shipping,margin,status,is_published,decoration_required,decoration_model,colours,specs,features,size_chart,size_pricing,material_tags,print_methods,is_eco,fulfillment) values ('32ae262c-4639-4e05-9b77-e01edba279f1','Gildan Brands','American Apparel','RF491','RF491','American Apparel® RF491 Sweatpants','american-apparel-rf491-sweatpants-rf491','Pants','Unisex','American Apparel','Relaxed-fit fleece sweatpants made from recycled-blend ReFlex fabric with covered elastic waistband.','Relaxed-fit fleece sweatpants made from recycled-blend ReFlex fabric with covered elastic waistband.','Print your logo on the American Apparel® RF491 Sweatpants — 258 GSM. Screen Print/DTG/DTF/Embroidery from 20.','Custom printed American Apparel® RF491 Sweatpants by American Apparel. 70% Combed RS Cotton / 10% Polyester / 20% Recycled Polyester. Screen Print/DTG/DTF/Embroidery, min 20. Fast Australia-wide.','Custom Printed American Apparel® RF491 Sweatpants | American Apparel',20,0,30,1.4,'active',false,true,'calculator','[{"name": "Black", "hex": "#101820", "image": "https://pub-fbec7c9199f04af8ab95a413a4620d37.r2.dev/suppliers/gildan/products/_variants/w400/rf491/rf491-black-front.webp"}, {"name": "Blush", "hex": "#CCA1A6", "image": "https://pub-fbec7c9199f04af8ab95a413a4620d37.r2.dev/suppliers/gildan/products/_variants/w400/rf491/rf491-blush-front.webp"}, {"name": "Bone", "hex": "#D1C1A8", "image": "https://pub-fbec7c9199f04af8ab95a413a4620d37.r2.dev/suppliers/gildan/products/_variants/w400/rf491/rf491-bone-front.webp"}, {"name": "Brown", "hex": "#5E514D", "image": "https://pub-fbec7c9199f04af8ab95a413a4620d37.r2.dev/suppliers/gildan/products/_variants/w400/rf491/rf491-brown-front.webp"}, {"name": "Heather Grey", "hex": "#97999B", "image": "https://pub-fbec7c9199f04af8ab95a413a4620d37.r2.dev/suppliers/gildan/products/_variants/w400/rf491/rf491-heather-grey-front.webp"}, {"name": "Sea Blue", "hex": "#315470", "image": "https://pub-fbec7c9199f04af8ab95a413a4620d37.r2.dev/suppliers/gildan/products/_variants/w400/rf491/rf491-seablue-front.webp"}]'::jsonb,'{"composition": "70% Combed RS Cotton / 10% Polyester / 20% Recycled Polyester", "weight_gsm": "258", "fit": "Relaxed Fit"}'::jsonb,'["Fabric Weight: 258g/㎡", "Fabric Composition: 70% Combed Ring Spun Cotton, 20% Recycled Polyester, 10% Polyester", "Reimagined, Recycled, ReFlex Fleece is the next evolution of fleece in AA.", "3-end lightweight fleece made using a portion of recycled polyester", "100% combed ring spun cotton face for cotton friendly decorating techniques", "Covered elastic waistband with external dyed to match recycled polyester flatcords", "Relaxed fit, side seamed body", "Side pockets", "Differential rise for a better fit", "Retro inspired 1\" covered elastic bottom band", "Recycled tear away label", "Complete the look with our matching sweatshirt: RF496", "Proud member of the U.S. Cotton Trust Protocol", "Made with OEKO-TEX certified low-impact dyes"]'::jsonb,'{"unit": "cm", "measurements": [{"name": "Width (A)", "values": ["34", "37", "40", "42", "44", "47"]}, {"name": "Length (B)", "values": ["75", "75", "76", "77", "77", "79"]}], "sizes": ["S", "M", "L", "XL", "2XL", "3XL"]}'::jsonb,null,'{"Cotton","Polyester","Recycled"}','{"Screen Print","DTG","DTF","Embroidery"}',true,'local_stock');
insert into public.pricing_tiers (product_id,min_qty,base_price,sort_order) values ('32ae262c-4639-4e05-9b77-e01edba279f1',20,20.95,1);
insert into public.product_colours (product_id,name,hex,images,sort_order) values ('32ae262c-4639-4e05-9b77-e01edba279f1','Gallery',null,'["https://pub-fbec7c9199f04af8ab95a413a4620d37.r2.dev/suppliers/gildan/products/_variants/w400/rf491/rf491-black-01.webp", "https://pub-fbec7c9199f04af8ab95a413a4620d37.r2.dev/suppliers/gildan/products/_variants/w400/rf491/rf491-black-02.webp", "https://pub-fbec7c9199f04af8ab95a413a4620d37.r2.dev/suppliers/gildan/products/_variants/w400/rf491/rf491-black-front.webp"]'::jsonb,0);
insert into public.products (id,supplier,supplier_name,supplier_sku,supplier_code,name,slug,category,gender,brand,description,short_desc,seo_description,meta_description,meta_title,min_qty,setup_fee,shipping,margin,status,is_published,decoration_required,decoration_model,colours,specs,features,size_chart,size_pricing,material_tags,print_methods,is_eco,fulfillment) values ('a1d93442-c821-4c5e-98c2-0f4fbafd546e','Gildan Brands','American Apparel','RF494','RF494','American Apparel® RF494 Boxy Cropped Crewneck','american-apparel-rf494-boxy-cropped-crewneck-rf494','Sweatshirts','Unisex','American Apparel','Boxy, cropped ReFlex fleece crewneck sweatshirt with balloon sleeves for women.','Boxy, cropped ReFlex fleece crewneck sweatshirt with balloon sleeves for women.','Print your logo on the American Apparel® RF494 Boxy Cropped Crewneck — 258 GSM. Screen Print/DTG/DTF/Embroidery from 20.','Custom printed American Apparel® RF494 Boxy Cropped Crewneck by American Apparel. 70% Combed RS Cotton / 10% Polyester / 20% Recycled Polyester. Screen Print/DTG/DTF/Embroidery, min 20. Fast Australia-wide.','Custom Printed American Apparel® RF494 Boxy Cropped Crewneck | American Apparel',20,0,30,1.4,'active',false,true,'calculator','[{"name": "Arctic", "hex": "#648589", "image": "https://pub-fbec7c9199f04af8ab95a413a4620d37.r2.dev/suppliers/gildan/products/_variants/w400/rf494/rf494-arctic-front.webp"}, {"name": "Black", "hex": "#101820", "image": "https://pub-fbec7c9199f04af8ab95a413a4620d37.r2.dev/suppliers/gildan/products/_variants/w400/rf494/rf494-black-front.webp"}, {"name": "Blush", "hex": "#CCA1A6", "image": "https://pub-fbec7c9199f04af8ab95a413a4620d37.r2.dev/suppliers/gildan/products/_variants/w400/rf494/rf494-blush-front.webp"}, {"name": "Bone", "hex": "#D1C1A8", "image": "https://pub-fbec7c9199f04af8ab95a413a4620d37.r2.dev/suppliers/gildan/products/_variants/w400/rf494/rf494-bone-front.webp"}, {"name": "Brown", "hex": "#5E514D", "image": "https://pub-fbec7c9199f04af8ab95a413a4620d37.r2.dev/suppliers/gildan/products/_variants/w400/rf494/rf494-brown-front.webp"}, {"name": "Heather Grey", "hex": "#97999B", "image": "https://pub-fbec7c9199f04af8ab95a413a4620d37.r2.dev/suppliers/gildan/products/_variants/w400/rf494/rf494-heather-grey-front.webp"}]'::jsonb,'{"composition": "70% Combed RS Cotton / 10% Polyester / 20% Recycled Polyester", "weight_gsm": "258", "fit": "Boxy Fit, Slightly Cropped"}'::jsonb,'["Fabric Weight: 258g/㎡", "Fabric Composition: 70% Combed Ring Spun Cotton, 20% Recycled Polyester, 10% Polyester", "Reimagined, Recycled, ReFlex Fleece is the next evolution of fleece in AA.", "3-end lightweight fleece made using a portion of recycled polyester", "100% combed ring spun cotton face for cotton friendly decorating techniques", "1\" Rolled back dropped shoulder seam for added decoration", "Balloon sleeves", "1x1 rib with spandex for enhanced stretch and recovery", "Boxy fit, slightly cropped, side seamed body", "Recycled tear away label", "Complete the look with our matching sweatpants: RF491", "Proud member of the U.S. Cotton Trust Protocol", "Made with OEKO-TEX certified low-impact dyes"]'::jsonb,'{"unit": "cm", "measurements": [{"name": "Width (A)", "values": ["55", "57", "60", "62", "65"]}, {"name": "Length (B)", "values": ["57", "58", "60", "61", "62"]}, {"name": "Sleeve Center Back (D2)", "values": ["84", "86", "88", "88", "90"]}], "sizes": ["S", "M", "L", "XL", "2XL"]}'::jsonb,null,'{"Cotton","Polyester","Recycled"}','{"Screen Print","DTG","DTF","Embroidery"}',true,'local_stock');
insert into public.pricing_tiers (product_id,min_qty,base_price,sort_order) values ('a1d93442-c821-4c5e-98c2-0f4fbafd546e',20,19.95,1);
insert into public.product_colours (product_id,name,hex,images,sort_order) values ('a1d93442-c821-4c5e-98c2-0f4fbafd546e','Gallery',null,'["https://pub-fbec7c9199f04af8ab95a413a4620d37.r2.dev/suppliers/gildan/products/_variants/w400/rf494/rf494-arctic-01.webp", "https://pub-fbec7c9199f04af8ab95a413a4620d37.r2.dev/suppliers/gildan/products/_variants/w400/rf494/rf494-arctic-02.webp", "https://pub-fbec7c9199f04af8ab95a413a4620d37.r2.dev/suppliers/gildan/products/_variants/w400/rf494/rf494-arctic-front.webp"]'::jsonb,0);
insert into public.products (id,supplier,supplier_name,supplier_sku,supplier_code,name,slug,category,gender,brand,description,short_desc,seo_description,meta_description,meta_title,min_qty,setup_fee,shipping,margin,status,is_published,decoration_required,decoration_model,colours,specs,features,size_chart,size_pricing,material_tags,print_methods,is_eco,fulfillment) values ('9576470e-f177-4898-b0e3-69004e69110b','Gildan Brands','American Apparel','RF496','RF496','American Apparel® RF496 Crewneck','american-apparel-rf496-crewneck-rf496','Sweatshirts','Unisex','American Apparel','Relaxed ReFlex fleece crewneck sweatshirt made from a recycled cotton-polyester blend.','Relaxed ReFlex fleece crewneck sweatshirt made from a recycled cotton-polyester blend.','Print your logo on the American Apparel® RF496 Crewneck — 258 GSM. Screen Print/DTG/DTF/Embroidery from 20.','Custom printed American Apparel® RF496 Crewneck by American Apparel. 70% Combed RS Cotton / 10% Polyester / 20% Recycled Polyester. Screen Print/DTG/DTF/Embroidery, min 20. Fast Australia-wide.','Custom Printed American Apparel® RF496 Crewneck | American Apparel',20,0,30,1.4,'active',false,true,'calculator','[{"name": "Arctic", "hex": "#648589", "image": "https://pub-fbec7c9199f04af8ab95a413a4620d37.r2.dev/suppliers/gildan/products/_variants/w400/rf496/rf496-arctic-front.webp"}, {"name": "Asphalt", "hex": "#53565A", "image": "https://pub-fbec7c9199f04af8ab95a413a4620d37.r2.dev/suppliers/gildan/products/_variants/w400/rf496/rf496-asphalt-front.webp"}, {"name": "Black", "hex": "#101820", "image": "https://pub-fbec7c9199f04af8ab95a413a4620d37.r2.dev/suppliers/gildan/products/_variants/w400/rf496/rf496-black-front.webp"}, {"name": "Blush", "hex": "#CCA1A6", "image": "https://pub-fbec7c9199f04af8ab95a413a4620d37.r2.dev/suppliers/gildan/products/_variants/w400/rf496/rf496-blush-front.webp"}, {"name": "Bone", "hex": "#D1C1A8", "image": "https://pub-fbec7c9199f04af8ab95a413a4620d37.r2.dev/suppliers/gildan/products/_variants/w400/rf496/rf496-bone-front.webp"}, {"name": "Brown", "hex": "#5E514D", "image": "https://pub-fbec7c9199f04af8ab95a413a4620d37.r2.dev/suppliers/gildan/products/_variants/w400/rf496/rf496-brown-front.webp"}, {"name": "Heather Grey", "hex": "#97999B", "image": "https://pub-fbec7c9199f04af8ab95a413a4620d37.r2.dev/suppliers/gildan/products/_variants/w400/rf496/rf496-heathergrey-front.webp"}, {"name": "Lieutenant", "hex": "#65665C", "image": "https://pub-fbec7c9199f04af8ab95a413a4620d37.r2.dev/suppliers/gildan/products/_variants/w400/rf496/rf496-lieutenant-front.webp"}, {"name": "Sea Blue", "hex": "#315470", "image": "https://pub-fbec7c9199f04af8ab95a413a4620d37.r2.dev/suppliers/gildan/products/_variants/w400/rf496/rf496-seablue-front.webp"}, {"name": "White", "hex": "#FFFFFF", "image": "https://pub-fbec7c9199f04af8ab95a413a4620d37.r2.dev/suppliers/gildan/products/_variants/w400/rf496/rf496-white-front.webp"}]'::jsonb,'{"composition": "70% Combed RS Cotton / 10% Polyester / 20% Recycled Polyester", "weight_gsm": "258", "fit": "Boxy Fit"}'::jsonb,'["Fabric Weight: 258g/㎡", "Fabric Composition: 70% Combed Ring Spun Cotton, 20% Recycled Polyester, 10% Polyester", "Reimagined, Recycled, ReFlex Fleece is the next evolution of fleece in AA.", "3-end lightweight fleece made using a portion of recycled polyester", "100% combed ring spun cotton face for cotton friendly decorating techniques", "1\" Rolled back dropped shoulder seam for added decoration", "1x1 rib with spandex for enhanced stretch and recovery", "Relaxed fit, side seamed body", "Recycled tear away label", "Complete the look with our matching sweatpants: RF491", "Proud member of the U.S. Cotton Trust Protocol", "Made with OEKO-TEX certified low-impact dyes"]'::jsonb,'{"unit": "cm", "measurements": [{"name": "Width (A)", "values": ["51", "56", "61", "66", "71", "76"]}, {"name": "Length (B)", "values": ["71", "74", "76", "79", "81", "84"]}, {"name": "Sleeve Center Back (D2)", "values": ["86", "89", "91", "94", "97", "99"]}], "sizes": ["S", "M", "L", "XL", "2XL", "3XL"]}'::jsonb,null,'{"Cotton","Polyester","Recycled"}','{"Screen Print","DTG","DTF","Embroidery"}',true,'local_stock');
insert into public.pricing_tiers (product_id,min_qty,base_price,sort_order) values ('9576470e-f177-4898-b0e3-69004e69110b',20,19.95,1);
insert into public.product_colours (product_id,name,hex,images,sort_order) values ('9576470e-f177-4898-b0e3-69004e69110b','Gallery',null,'["https://pub-fbec7c9199f04af8ab95a413a4620d37.r2.dev/suppliers/gildan/products/_variants/w400/rf496/rf496-arctic-01.webp", "https://pub-fbec7c9199f04af8ab95a413a4620d37.r2.dev/suppliers/gildan/products/_variants/w400/rf496/rf496-arctic-02.webp", "https://pub-fbec7c9199f04af8ab95a413a4620d37.r2.dev/suppliers/gildan/products/_variants/w400/rf496/rf496-arctic-front.webp"]'::jsonb,0);
insert into public.products (id,supplier,supplier_name,supplier_sku,supplier_code,name,slug,category,gender,brand,description,short_desc,seo_description,meta_description,meta_title,min_qty,setup_fee,shipping,margin,status,is_published,decoration_required,decoration_model,colours,specs,features,size_chart,size_pricing,material_tags,print_methods,is_eco,fulfillment) values ('a9e03e6e-a82e-4ecf-b215-f7237a5a02b8','Gildan Brands','American Apparel','RF497','RF497','American Apparel® RF497 Hoodie','american-apparel-rf497-hoodie-rf497','Hoodies','Unisex','American Apparel','Relaxed-fit full-zip ReFlex fleece hoodie with side pockets and an unlined hood.','Relaxed-fit full-zip ReFlex fleece hoodie with side pockets and an unlined hood.','Print your logo on the American Apparel® RF497 Hoodie — 258 GSM. Screen Print/DTG/DTF/Embroidery from 20.','Custom printed American Apparel® RF497 Hoodie by American Apparel. 70% Combed RS Cotton / 10% Polyester / 20% Recycled Polyester. Screen Print/DTG/DTF/Embroidery, min 20. Fast Australia-wide.','Custom Printed American Apparel® RF497 Hoodie | American Apparel',20,0,30,1.4,'active',false,true,'calculator','[{"name": "Arctic", "hex": "", "image": "https://pub-fbec7c9199f04af8ab95a413a4620d37.r2.dev/suppliers/gildan/products/_variants/w400/rf497/rf497-arctic-front.webp"}, {"name": "Black", "hex": "#101820", "image": "https://pub-fbec7c9199f04af8ab95a413a4620d37.r2.dev/suppliers/gildan/products/_variants/w400/rf497/rf497-black-front.webp"}, {"name": "Blush", "hex": "#CCA1A6", "image": "https://pub-fbec7c9199f04af8ab95a413a4620d37.r2.dev/suppliers/gildan/products/_variants/w400/rf497/rf497-blush-front.webp"}, {"name": "Bone", "hex": "#D1C1A8", "image": "https://pub-fbec7c9199f04af8ab95a413a4620d37.r2.dev/suppliers/gildan/products/_variants/w400/rf497/rf497-bone-front.webp"}, {"name": "Brown", "hex": "#5E514D", "image": "https://pub-fbec7c9199f04af8ab95a413a4620d37.r2.dev/suppliers/gildan/products/_variants/w400/rf497/rf497-brown-front.webp"}, {"name": "Heather Grey", "hex": "#97999B", "image": "https://pub-fbec7c9199f04af8ab95a413a4620d37.r2.dev/suppliers/gildan/products/_variants/w400/rf497/rf497-heather-grey-front.webp"}, {"name": "Lieutenant", "hex": "#65665C", "image": "https://pub-fbec7c9199f04af8ab95a413a4620d37.r2.dev/suppliers/gildan/products/_variants/w400/rf497/rf497-lieutenant-front.webp"}, {"name": "Sea Blue", "hex": "#315470", "image": "https://pub-fbec7c9199f04af8ab95a413a4620d37.r2.dev/suppliers/gildan/products/_variants/w400/rf497/rf497-seablue-front.webp"}]'::jsonb,'{"composition": "70% Combed RS Cotton / 10% Polyester / 20% Recycled Polyester", "weight_gsm": "258", "fit": "Relaxed Fit"}'::jsonb,'["Fabric Weight: 258g/m²", "70% Combed Ring Spun Cotton, 20% Recycled Polyester, 10% Polyester", "Reimagined, Recycled, ReFlex Fleece is the next evolution of fleece in AA.", "3-end lightweight fleece made using a portion of recycled polyester", "1\" Rolled back dropped shoulder seam for added decoration", "Drawcord-free, unlined hood", "Dyed-to-match zipper with recycled zipper tape", "On seam side pockets", "1x1 rib with spandex for enhanced stretch and recovery", "Relaxed fit, side seamed body", "Recycled tear away label", "Complete the look with our matching sweatpants: RF491", "Proud member of the U.S. Cotton Trust Protocol", "Made with OEKO-TEX certified low-impact dyes"]'::jsonb,'{"unit": "cm", "measurements": [{"name": "Width (A)", "values": ["51", "53", "56", "61", "66", "71", "76", "81"]}, {"name": "Length (B)", "values": ["69", "71", "74", "76", "79", "81", "84", "86"]}, {"name": "Sleeve Center Back (D2)", "values": ["84", "86", "89", "91", "94", "97", "99", "102"]}], "sizes": ["XS", "S", "M", "L", "XL", "2XL", "3XL", "4XL"]}'::jsonb,null,'{"Cotton","Polyester","Recycled"}','{"Screen Print","DTG","DTF","Embroidery"}',true,'local_stock');
insert into public.pricing_tiers (product_id,min_qty,base_price,sort_order) values ('a9e03e6e-a82e-4ecf-b215-f7237a5a02b8',20,22.95,1);
insert into public.product_colours (product_id,name,hex,images,sort_order) values ('a9e03e6e-a82e-4ecf-b215-f7237a5a02b8','Gallery',null,'["https://pub-fbec7c9199f04af8ab95a413a4620d37.r2.dev/suppliers/gildan/products/_variants/w400/rf497/rf497-black-01.webp", "https://pub-fbec7c9199f04af8ab95a413a4620d37.r2.dev/suppliers/gildan/products/_variants/w400/rf497/rf497-black-02.webp", "https://pub-fbec7c9199f04af8ab95a413a4620d37.r2.dev/suppliers/gildan/products/_variants/w400/rf497/rf497-arctic-front.webp"]'::jsonb,0);
insert into public.products (id,supplier,supplier_name,supplier_sku,supplier_code,name,slug,category,gender,brand,description,short_desc,seo_description,meta_description,meta_title,min_qty,setup_fee,shipping,margin,status,is_published,decoration_required,decoration_model,colours,specs,features,size_chart,size_pricing,material_tags,print_methods,is_eco,fulfillment) values ('0fc4cb9a-22cf-4389-8615-e39d715482c2','Gildan Brands','American Apparel','RF498','RF498','American Apparel® RF498 Hoodie','american-apparel-rf498-hoodie-rf498','Hoodies','Unisex','American Apparel','Boxy-fit pullover ReFlex fleece hoodie with an oversized pouch pocket.','Boxy-fit pullover ReFlex fleece hoodie with an oversized pouch pocket.','Print your logo on the American Apparel® RF498 Hoodie — 258 GSM. Screen Print/DTG/DTF/Embroidery from 20.','Custom printed American Apparel® RF498 Hoodie by American Apparel. 70% Combed RS Cotton / 10% Polyester / 20% Recycled Polyester. Screen Print/DTG/DTF/Embroidery, min 20. Fast Australia-wide.','Custom Printed American Apparel® RF498 Hoodie | American Apparel',20,0,30,1.4,'active',false,true,'calculator','[{"name": "Arctic", "hex": "#648589", "image": "https://pub-fbec7c9199f04af8ab95a413a4620d37.r2.dev/suppliers/gildan/products/_variants/w400/rf498/rf498-arctic-front.webp"}, {"name": "Asphalt", "hex": "#53565A", "image": "https://pub-fbec7c9199f04af8ab95a413a4620d37.r2.dev/suppliers/gildan/products/_variants/w400/rf498/rf498-asphalt-front.webp"}, {"name": "Black", "hex": "#101820", "image": "https://pub-fbec7c9199f04af8ab95a413a4620d37.r2.dev/suppliers/gildan/products/_variants/w400/rf498/rf498-black-front.webp"}, {"name": "Blush", "hex": "#CCA1A6", "image": "https://pub-fbec7c9199f04af8ab95a413a4620d37.r2.dev/suppliers/gildan/products/_variants/w400/rf498/rf498-blush-front.webp"}, {"name": "Bone", "hex": "#D1C1A8", "image": "https://pub-fbec7c9199f04af8ab95a413a4620d37.r2.dev/suppliers/gildan/products/_variants/w400/rf498/rf498-bone-front.webp"}, {"name": "Brown", "hex": "#5E514D", "image": "https://pub-fbec7c9199f04af8ab95a413a4620d37.r2.dev/suppliers/gildan/products/_variants/w400/rf498/rf498-brown-front.webp"}, {"name": "Cardinal", "hex": "", "image": "https://pub-fbec7c9199f04af8ab95a413a4620d37.r2.dev/suppliers/gildan/products/_variants/w400/rf498/rf498-cardinal-front.webp"}, {"name": "Heather Grey", "hex": "#97999B", "image": "https://pub-fbec7c9199f04af8ab95a413a4620d37.r2.dev/suppliers/gildan/products/_variants/w400/rf498/rf498-heather-grey-front.webp"}, {"name": "Lieutenant", "hex": "#65665C", "image": "https://pub-fbec7c9199f04af8ab95a413a4620d37.r2.dev/suppliers/gildan/products/_variants/w400/rf498/rf498-lieutenant-front.webp"}, {"name": "Mustard", "hex": "#C3964D", "image": "https://pub-fbec7c9199f04af8ab95a413a4620d37.r2.dev/suppliers/gildan/products/_variants/w400/rf498/rf498-mustard-front.webp"}, {"name": "Sea Blue", "hex": "#315470", "image": "https://pub-fbec7c9199f04af8ab95a413a4620d37.r2.dev/suppliers/gildan/products/_variants/w400/rf498/rf498-seablue-front.webp"}, {"name": "White", "hex": "#FFFFFF", "image": "https://pub-fbec7c9199f04af8ab95a413a4620d37.r2.dev/suppliers/gildan/products/_variants/w400/rf498/rf498-white-front.webp"}]'::jsonb,'{"composition": "70% Combed RS Cotton / 10% Polyester / 20% Recycled Polyester", "weight_gsm": "258", "fit": "Boxy Fit"}'::jsonb,'["Fabric Weight: 258g/㎡", "Fabric Composition: 70% Combed Ring Spun Cotton, 20% Recycled Polyester, 10% Polyester", "Reimagined, Recycled, ReFlex Fleece is the next evolution of fleece in AA.", "3-end lightweight fleece made using a portion of recycled polyester", "100% combed ring spun cotton face for cotton friendly decorating techniques", "Drawcord-free, unlined hood", "1\" Rolled back dropped shoulder seam for added decoration", "Back neck patch for easy customisation", "Oversized pouch pocket", "1x1 rib with spandex for enhanced stretch and recovery", "Relaxed fit, side seamed body", "Recycled tear away label", "Complete the look with our matching sweatpants: RF491", "Proud member of the U.S. Cotton Trust Protocol", "Made with OEKO-TEX certified low-impact dyes"]'::jsonb,'{"unit": "cm", "measurements": [{"name": "Width (A)", "values": [null, "51", "56", "61", "66", "71", null]}, {"name": "Length (B)", "values": [null, "71", "74", "76", "79", "81", null]}, {"name": "Sleeve Center Back (D2)", "values": [null, "86", "89", "91", "94", "97", null]}], "sizes": ["XS", "S", "M", "L", "XL", "2XL", "3XL"]}'::jsonb,null,'{"Cotton","Polyester","Recycled"}','{"Screen Print","DTG","DTF","Embroidery"}',true,'local_stock');
insert into public.pricing_tiers (product_id,min_qty,base_price,sort_order) values ('0fc4cb9a-22cf-4389-8615-e39d715482c2',20,21.95,1);
insert into public.product_colours (product_id,name,hex,images,sort_order) values ('0fc4cb9a-22cf-4389-8615-e39d715482c2','Gallery',null,'["https://pub-fbec7c9199f04af8ab95a413a4620d37.r2.dev/suppliers/gildan/products/_variants/w400/rf498/rf498-arctic-01.webp", "https://pub-fbec7c9199f04af8ab95a413a4620d37.r2.dev/suppliers/gildan/products/_variants/w400/rf498/rf498-arctic-02.webp", "https://pub-fbec7c9199f04af8ab95a413a4620d37.r2.dev/suppliers/gildan/products/_variants/w400/rf498/rf498-arctic-front.webp"]'::jsonb,0);
insert into public.products (id,supplier,supplier_name,supplier_sku,supplier_code,name,slug,category,gender,brand,description,short_desc,seo_description,meta_description,meta_title,min_qty,setup_fee,shipping,margin,status,is_published,decoration_required,decoration_model,colours,specs,features,size_chart,size_pricing,material_tags,print_methods,is_eco,fulfillment) values ('a603df45-4149-4179-ac8b-8da4ea1a746f','Gildan Brands','American Apparel','TR401','TR401','American Apparel® TR401 T-Shirt','american-apparel-tr401-t-shirt-tr401','T-Shirts','Unisex','American Apparel','Tri-blend jersey track tee in a poly-cotton-rayon blend with a soft heathered look.','Tri-blend jersey track tee in a poly-cotton-rayon blend with a soft heathered look.','Print your logo on the American Apparel® TR401 T-Shirt — 136 GSM. Screen Print/DTG/DTF/Embroidery from 20.','Custom printed American Apparel® TR401 T-Shirt by American Apparel. 50% Polyester / 25% Ring Spun Cotton / 25% Rayon. Screen Print/DTG/DTF/Embroidery, min 20. Fast Australia-wide.','Custom Printed American Apparel® TR401 T-Shirt | American Apparel',20,0,30,1.4,'active',false,true,'calculator','[{"name": "Athletic Blue", "hex": "#407EC9", "image": "https://pub-fbec7c9199f04af8ab95a413a4620d37.r2.dev/suppliers/gildan/products/_variants/w400/tr401/tr401-athleticblue-front.webp"}, {"name": "Athletic Grey", "hex": "#75787B", "image": "https://pub-fbec7c9199f04af8ab95a413a4620d37.r2.dev/suppliers/gildan/products/_variants/w400/tr401/tr401-athleticgrey-front.webp"}, {"name": "Tri-Black", "hex": "#212721", "image": "https://pub-fbec7c9199f04af8ab95a413a4620d37.r2.dev/suppliers/gildan/products/_variants/w400/tr401/tr401-tri-black-front.webp"}, {"name": "Tri-Coral", "hex": "#F09491", "image": "https://pub-fbec7c9199f04af8ab95a413a4620d37.r2.dev/suppliers/gildan/products/_variants/w400/tr401/tr401-tri-coral-front.webp"}, {"name": "Tri-Dusk", "hex": "#435570", "image": "https://pub-fbec7c9199f04af8ab95a413a4620d37.r2.dev/suppliers/gildan/products/_variants/w400/tr401/tr401-tri-dusk-front.webp"}, {"name": "Tri-Indigo", "hex": "#384967", "image": "https://pub-fbec7c9199f04af8ab95a413a4620d37.r2.dev/suppliers/gildan/products/_variants/w400/tr401/tr401-tri-indigo-front.webp"}, {"name": "Tri-Rust", "hex": "#99552B", "image": "https://pub-fbec7c9199f04af8ab95a413a4620d37.r2.dev/suppliers/gildan/products/_variants/w400/tr401/tr401-tri-rust-front.webp"}, {"name": "Tri-Storm", "hex": "#A38D91", "image": "https://pub-fbec7c9199f04af8ab95a413a4620d37.r2.dev/suppliers/gildan/products/_variants/w400/tr401/tr401-tri-storm-front.webp"}, {"name": "Tri-Tri-Cream", "hex": "", "image": "https://pub-fbec7c9199f04af8ab95a413a4620d37.r2.dev/suppliers/gildan/products/_variants/w400/tr401/tr401-tri-tri-cream-front.webp"}, {"name": "Tri-Tri-Olive", "hex": "", "image": "https://pub-fbec7c9199f04af8ab95a413a4620d37.r2.dev/suppliers/gildan/products/_variants/w400/tr401/tr401-tri-tri-olive-front.webp"}]'::jsonb,'{"composition": "50% Polyester / 25% Ring Spun Cotton / 25% Rayon", "weight_gsm": "136", "fit": "Relaxed Fit"}'::jsonb,'["The Tri-Blend Collection offers soft, lightweight comfort, featuring a polyester, combed ring spun cotton and rayon blend for an ultra soft hand", "Polyester and rayon gives a vintage heathered appearance", "Classic width, rib collar", "Taped neck and shoulders for comfort and durability", "Relaxed fit, side seamed body", "Tear-away label"]'::jsonb,'{"unit": "cm", "measurements": [{"name": "Width (A)", "values": ["42", "46", "51", "56", "61", "66", "71"]}, {"name": "Length (B)", "values": ["70", "73", "76", "78", "81", "83", "86"]}, {"name": "Sleeve Center Back (D2)", "values": ["40", "42", "44", "47", "50", "52", "55"]}], "sizes": ["XS", "S", "M", "L", "XL", "2XL", "3XL"]}'::jsonb,null,'{"Cotton","Polyester","Rayon"}','{"Screen Print","DTG","DTF","Embroidery"}',false,'local_stock');
insert into public.pricing_tiers (product_id,min_qty,base_price,sort_order) values ('a603df45-4149-4179-ac8b-8da4ea1a746f',20,9.65,1);
insert into public.product_colours (product_id,name,hex,images,sort_order) values ('a603df45-4149-4179-ac8b-8da4ea1a746f','Gallery',null,'["https://pub-fbec7c9199f04af8ab95a413a4620d37.r2.dev/suppliers/gildan/products/_variants/w400/tr401/tr401-athleticblue-01.webp", "https://pub-fbec7c9199f04af8ab95a413a4620d37.r2.dev/suppliers/gildan/products/_variants/w400/tr401/tr401-athleticblue-02.webp", "https://pub-fbec7c9199f04af8ab95a413a4620d37.r2.dev/suppliers/gildan/products/_variants/w400/tr401/tr401-athleticblue-front.webp"]'::jsonb,0);
insert into public.products (id,supplier,supplier_name,supplier_sku,supplier_code,name,slug,category,gender,brand,description,short_desc,seo_description,meta_description,meta_title,min_qty,setup_fee,shipping,margin,status,is_published,decoration_required,decoration_model,colours,specs,features,size_chart,size_pricing,material_tags,print_methods,is_eco,fulfillment) values ('b9f0c8c8-5b81-470d-8631-c100d35f0c71','Gildan Brands','American Apparel','2001Y','2001Y','American Apparel® 2001Y T-Shirt','american-apparel-2001y-t-shirt-2001y','T-Shirts','Unisex','American Apparel','Youth version of the Fine Jersey crew tee, lightweight ring-spun cotton with a relaxed kids'' fit.','Youth version of the Fine Jersey crew tee, lightweight ring-spun cotton with a relaxed kids'' fit.','Print your logo on the American Apparel® 2001Y T-Shirt — 153 GSM. Screen Print/DTG/DTF/Embroidery from 20.','Custom printed American Apparel® 2001Y T-Shirt by American Apparel. 100% Ring Spun Cotton. Screen Print/DTG/DTF/Embroidery, min 20. Fast Australia-wide.','Custom Printed American Apparel® 2001Y T-Shirt | American Apparel',20,0,30,1.4,'active',false,true,'calculator','[{"name": "Asphalt", "hex": "#53565A", "image": "https://pub-fbec7c9199f04af8ab95a413a4620d37.r2.dev/suppliers/gildan/products/_variants/w400/2001y/2001y-asphalt-front.webp"}, {"name": "Black", "hex": "#101820", "image": "https://pub-fbec7c9199f04af8ab95a413a4620d37.r2.dev/suppliers/gildan/products/_variants/w400/2001y/2001y-black-front.webp"}, {"name": "Celadon", "hex": "#6ECEB2", "image": "https://pub-fbec7c9199f04af8ab95a413a4620d37.r2.dev/suppliers/gildan/products/_variants/w400/2001y/2001y-celadon-front.webp"}, {"name": "Cranberry", "hex": "#76232F", "image": "https://pub-fbec7c9199f04af8ab95a413a4620d37.r2.dev/suppliers/gildan/products/_variants/w400/2001y/2001y-cranberry-front.webp"}, {"name": "Cream", "hex": "#EFDBB2", "image": "https://pub-fbec7c9199f04af8ab95a413a4620d37.r2.dev/suppliers/gildan/products/_variants/w400/2001y/2001y-cream-front.webp"}, {"name": "Eggplant", "hex": "#4B3048", "image": "https://pub-fbec7c9199f04af8ab95a413a4620d37.r2.dev/suppliers/gildan/products/_variants/w400/2001y/2001y-eggplant-front.webp"}, {"name": "Forest", "hex": "#034638", "image": "https://pub-fbec7c9199f04af8ab95a413a4620d37.r2.dev/suppliers/gildan/products/_variants/w400/2001y/2001y-forest-front.webp"}, {"name": "Heather Grey", "hex": "#97999B", "image": "https://pub-fbec7c9199f04af8ab95a413a4620d37.r2.dev/suppliers/gildan/products/_variants/w400/2001y/2001y-heathergrey-front.webp"}, {"name": "Navy", "hex": "#13294B", "image": "https://pub-fbec7c9199f04af8ab95a413a4620d37.r2.dev/suppliers/gildan/products/_variants/w400/2001y/2001y-navy-front.webp"}, {"name": "New Silver", "hex": "#BBBCBC", "image": "https://pub-fbec7c9199f04af8ab95a413a4620d37.r2.dev/suppliers/gildan/products/_variants/w400/2001y/2001y-newsilver-front.webp"}, {"name": "Red", "hex": "#BA0C2F", "image": "https://pub-fbec7c9199f04af8ab95a413a4620d37.r2.dev/suppliers/gildan/products/_variants/w400/2001y/2001y-red-front.webp"}, {"name": "Royal Blue", "hex": "#1C57A5", "image": "https://pub-fbec7c9199f04af8ab95a413a4620d37.r2.dev/suppliers/gildan/products/_variants/w400/2001y/2001y-royalblue-front.webp"}, {"name": "Super Pink", "hex": "#A5307C", "image": "https://pub-fbec7c9199f04af8ab95a413a4620d37.r2.dev/suppliers/gildan/products/_variants/w400/2001y/2001y-superpink-front.webp"}, {"name": "White", "hex": "#FFFFFF", "image": "https://pub-fbec7c9199f04af8ab95a413a4620d37.r2.dev/suppliers/gildan/products/_variants/w400/2001y/2001y-white-front.webp"}]'::jsonb,'{"composition": "100% Ring Spun Cotton", "weight_gsm": "153", "fit": "Relaxed Fit"}'::jsonb,'["The Fine Jersey collection offers lightweight elevated basic styles, in a wide range of size and colours, made from combed ring spun cotton", "Fabric weight: 153g/m²", "Classic width, rib collar", "Taped neck and shoulders for comfort and durability", "Relaxed fit, side seamed body", "100% cotton thread on colour White", "Recycled tear-away label", "CPSIA Tracking Label Compliant", "American Apparel partners with Better Cotton to improve cotton farming globally", "Made with OEKO-TEX certified low-impact dyes", "*Heather Grey - 90% Cotton, 10% Polyester"]'::jsonb,'{"unit": "cm", "measurements": [{"name": "Width (A)", "values": ["36", "41", "43", "46", "48"]}, {"name": "Length (B)", "values": ["46", "52", "56", "60", "64"]}, {"name": "Sleeve Center Back (D2)", "values": ["30", "34", "37", "39", "42"]}], "sizes": ["XS", "S", "M", "L", "XL"]}'::jsonb,null,'{"Cotton"}','{"Screen Print","DTG","DTF","Embroidery"}',true,'local_stock');
insert into public.pricing_tiers (product_id,min_qty,base_price,sort_order) values ('b9f0c8c8-5b81-470d-8631-c100d35f0c71',20,6.95,1);
insert into public.product_colours (product_id,name,hex,images,sort_order) values ('b9f0c8c8-5b81-470d-8631-c100d35f0c71','Gallery',null,'["https://pub-fbec7c9199f04af8ab95a413a4620d37.r2.dev/suppliers/gildan/products/_variants/w400/2001y/2001y-ashgrey-01.webp", "https://pub-fbec7c9199f04af8ab95a413a4620d37.r2.dev/suppliers/gildan/products/_variants/w400/2001y/2001y-ashgrey-02.webp", "https://pub-fbec7c9199f04af8ab95a413a4620d37.r2.dev/suppliers/gildan/products/_variants/w400/2001y/2001y-asphalt-front.webp"]'::jsonb,0);
insert into public.products (id,supplier,supplier_name,supplier_sku,supplier_code,name,slug,category,gender,brand,description,short_desc,seo_description,meta_description,meta_title,min_qty,setup_fee,shipping,margin,status,is_published,decoration_required,decoration_model,colours,specs,features,size_chart,size_pricing,material_tags,print_methods,is_eco,fulfillment) values ('b36c551c-2dfb-4f2f-9bc0-032009d8b2df','Gildan Brands','Comfort Colors','3023CL','3023CL','Comfort Colors® 3023CL Boxy Cropped T-Shirt','comfort-colors-3023cl-boxy-cropped-t-shirt-3023cl','T-Shirts','Unisex','Comfort Colors','Garment-dyed boxy cropped women''s tee in heavyweight ring-spun cotton with a relaxed silhouette.','Garment-dyed boxy cropped women''s tee in heavyweight ring-spun cotton with a relaxed silhouette.','Print your logo on the Comfort Colors® 3023CL Boxy Cropped T-Shirt — 207 GSM. Screen Print/DTG/DTF/Embroidery from 20.','Custom printed Comfort Colors® 3023CL Boxy Cropped T-Shirt by Comfort Colors. 100% Combed Ring Spun US Cotton. Screen Print/DTG/DTF/Embroidery, min 20. Fast Australia-wide.','Custom Printed Comfort Colors® 3023CL Boxy Cropped T-Shirt | Comfort Colors',20,0,30,1.4,'active',false,true,'calculator','[{"name": "Black", "hex": "", "image": "https://pub-fbec7c9199f04af8ab95a413a4620d37.r2.dev/suppliers/gildan/products/_variants/w400/3023cl/3023cl-black-front.webp"}, {"name": "Butter", "hex": "#F5E1A4", "image": "https://pub-fbec7c9199f04af8ab95a413a4620d37.r2.dev/suppliers/gildan/products/_variants/w400/3023cl/3023cl-butter-front.webp"}, {"name": "Chalky Mint", "hex": "#5CB8B2", "image": "https://pub-fbec7c9199f04af8ab95a413a4620d37.r2.dev/suppliers/gildan/products/_variants/w400/3023cl/3023cl-chalkymint-front.webp"}, {"name": "Ivory", "hex": "#E7CEB5", "image": "https://pub-fbec7c9199f04af8ab95a413a4620d37.r2.dev/suppliers/gildan/products/_variants/w400/3023cl/3023cl-ivory-front.webp"}, {"name": "Orchid", "hex": "#C7B2DE", "image": "https://pub-fbec7c9199f04af8ab95a413a4620d37.r2.dev/suppliers/gildan/products/_variants/w400/3023cl/3023cl-orchid-front.webp"}, {"name": "Peachy", "hex": "#EDAB9C", "image": "https://pub-fbec7c9199f04af8ab95a413a4620d37.r2.dev/suppliers/gildan/products/_variants/w400/3023cl/3023cl-peachy-front.webp"}, {"name": "Pepper", "hex": "#4E4B48", "image": "https://pub-fbec7c9199f04af8ab95a413a4620d37.r2.dev/suppliers/gildan/products/_variants/w400/3023cl/3023cl-pepper-front.webp"}, {"name": "White", "hex": "", "image": "https://pub-fbec7c9199f04af8ab95a413a4620d37.r2.dev/suppliers/gildan/products/_variants/w400/3023cl/3023cl-white-front.webp"}]'::jsonb,'{"composition": "100% Combed Ring Spun US Cotton", "weight_gsm": "207", "fit": "Boxy Fit"}'::jsonb,'["Fabric weight: 207g/㎡", "Fabric composition: 100% ring spun US cotton", "Pre-shrunk during the garment dye process for almost no shrinkage at home", "Our clean pigment dye colours use 50% less water than traditional pigment dye processes", "Garment-dyed soft ring spun fabric feels great against your skin", "Topstitched, classic width collar", "Taped neck for extra comfort and durability", "Boxy fit, slightly cropped, tubular body", "Signature twill label", "Proud member of the US Cotton Trust Protocol (USCTP) and Better Cotton", "Cotton products from Comfort Colors support more sustainable + ethical cotton farming"]'::jsonb,'{"unit": "cm", "measurements": [{"name": "Width (A)", "values": ["46", "51", "56", "61", "66"]}, {"name": "Length (B)", "values": ["51", "53", "56", "58", "61"]}, {"name": "Sleeve Center Back (D2)", "values": ["40", "42", "44", "47", "49"]}], "sizes": ["S", "M", "L", "XL", "2XL"]}'::jsonb,null,'{"Cotton"}','{"Screen Print","DTG","DTF","Embroidery"}',false,'local_stock');
insert into public.pricing_tiers (product_id,min_qty,base_price,sort_order) values ('b36c551c-2dfb-4f2f-9bc0-032009d8b2df',20,9.25,1);
insert into public.product_colours (product_id,name,hex,images,sort_order) values ('b36c551c-2dfb-4f2f-9bc0-032009d8b2df','Gallery',null,'["https://pub-fbec7c9199f04af8ab95a413a4620d37.r2.dev/suppliers/gildan/products/_variants/w400/3023cl/3023cl-butter-01.webp", "https://pub-fbec7c9199f04af8ab95a413a4620d37.r2.dev/suppliers/gildan/products/_variants/w400/3023cl/3023cl-butter-02.webp", "https://pub-fbec7c9199f04af8ab95a413a4620d37.r2.dev/suppliers/gildan/products/_variants/w400/3023cl/3023cl-black-front.webp"]'::jsonb,0);
insert into public.products (id,supplier,supplier_name,supplier_sku,supplier_code,name,slug,category,gender,brand,description,short_desc,seo_description,meta_description,meta_title,min_qty,setup_fee,shipping,margin,status,is_published,decoration_required,decoration_model,colours,specs,features,size_chart,size_pricing,material_tags,print_methods,is_eco,fulfillment) values ('e7423fcd-5428-40e6-84b5-c4d30d360388','Gildan Brands','Gildan','18000B','18000B','Gildan® Heavy Blend® 18000B Crewneck','gildan-heavy-blend-18000b-crewneck-18000b','Sweatshirts','Unisex','Gildan','Youth version of the Heavy Blend crewneck sweatshirt in the same cotton-poly fleece.','Youth version of the Heavy Blend crewneck sweatshirt in the same cotton-poly fleece.','Print your logo on the Gildan® Heavy Blend® 18000B Crewneck — 271 GSM. Screen Print/DTG/DTF/Embroidery from 20.','Custom printed Gildan® Heavy Blend® 18000B Crewneck by Gildan. 50% Cotton / 50% Polyester. Screen Print/DTG/DTF/Embroidery, min 20. Fast Australia-wide.','Custom Printed Gildan® Heavy Blend® 18000B Crewneck | Gildan',20,0,30,1.4,'active',false,true,'calculator','[{"name": "Black", "hex": "#25282A", "image": "https://pub-fbec7c9199f04af8ab95a413a4620d37.r2.dev/suppliers/gildan/products/_variants/w400/18000b/18000b-black-front.webp"}, {"name": "Navy", "hex": "#202A44", "image": "https://pub-fbec7c9199f04af8ab95a413a4620d37.r2.dev/suppliers/gildan/products/_variants/w400/18000b/18000b-navy-front.webp"}, {"name": "Sport Grey", "hex": "#97999B", "image": "https://pub-fbec7c9199f04af8ab95a413a4620d37.r2.dev/suppliers/gildan/products/_variants/w400/18000b/18000b-sportgrey-front.webp"}, {"name": "White", "hex": "#FFFFFF", "image": "https://pub-fbec7c9199f04af8ab95a413a4620d37.r2.dev/suppliers/gildan/products/_variants/w400/18000b/18000b-white-front.webp"}]'::jsonb,'{"composition": "50% Cotton / 50% Polyester", "weight_gsm": "271", "fit": "Classic Fit"}'::jsonb,'["100% of our fabric cutting scraps are recycled into fiber and used in new products", "1x1 rib with spandex for enhanced stretch and recovery", "33% of the energy used to manufacture our products comes from renewable resources", "Classic fit tubular body", "Double-needle stitching at shoulders, armholes, neck, waistband and cuffs", "Tear away label", "CPSIA Tracking label compliant", "Spun yarn for softer feel and reduced pilling"]'::jsonb,'{"unit": "cm", "measurements": [{"name": "Width (A)", "values": ["41", "43", "46", "48", "51"]}, {"name": "Length (B)", "values": ["50", "54", "57", "61", "65"]}, {"name": "Sleeve Center Back (D2)", "values": ["60", "67", "70", "77", "84"]}], "sizes": ["XS", "S", "M", "L", "XL"]}'::jsonb,null,'{"Cotton","Polyester"}','{"Screen Print","DTG","DTF","Embroidery"}',true,'local_stock');
insert into public.pricing_tiers (product_id,min_qty,base_price,sort_order) values ('e7423fcd-5428-40e6-84b5-c4d30d360388',20,15.25,1);
insert into public.product_colours (product_id,name,hex,images,sort_order) values ('e7423fcd-5428-40e6-84b5-c4d30d360388','Gallery',null,'["https://pub-fbec7c9199f04af8ab95a413a4620d37.r2.dev/suppliers/gildan/products/_variants/w400/18000b/18000b-black-01.webp", "https://pub-fbec7c9199f04af8ab95a413a4620d37.r2.dev/suppliers/gildan/products/_variants/w400/18000b/18000b-black-02.webp", "https://pub-fbec7c9199f04af8ab95a413a4620d37.r2.dev/suppliers/gildan/products/_variants/w400/18000b/18000b-black-front.webp"]'::jsonb,0);
insert into public.products (id,supplier,supplier_name,supplier_sku,supplier_code,name,slug,category,gender,brand,description,short_desc,seo_description,meta_description,meta_title,min_qty,setup_fee,shipping,margin,status,is_published,decoration_required,decoration_model,colours,specs,features,size_chart,size_pricing,material_tags,print_methods,is_eco,fulfillment) values ('61a7c40f-d61d-4cd1-906c-5a336048eed7','Gildan Brands','Gildan','18500B','18500B','Gildan® Heavy Blend® 18500B Hoodie','gildan-heavy-blend-18500b-hoodie-18500b','Hoodies','Unisex','Gildan','Classic-fit kids'' pullover hoodie in cotton-polyester fleece with a double-lined hood.','Classic-fit kids'' pullover hoodie in cotton-polyester fleece with a double-lined hood.','Print your logo on the Gildan® Heavy Blend® 18500B Hoodie — 271 GSM. Screen Print/DTG/DTF/Embroidery from 20.','Custom printed Gildan® Heavy Blend® 18500B Hoodie by Gildan. 50% Cotton / 50% Polyester. Screen Print/DTG/DTF/Embroidery, min 20. Fast Australia-wide.','Custom Printed Gildan® Heavy Blend® 18500B Hoodie | Gildan',20,0,30,1.4,'active',false,true,'calculator','[{"name": "Black", "hex": "#25282A", "image": "https://pub-fbec7c9199f04af8ab95a413a4620d37.r2.dev/suppliers/gildan/products/_variants/w400/18500b/18500b-black-front.webp"}, {"name": "Maroon", "hex": "#582D40", "image": "https://pub-fbec7c9199f04af8ab95a413a4620d37.r2.dev/suppliers/gildan/products/_variants/w400/18500b/18500b-maroon-front.webp"}, {"name": "Navy", "hex": "#202A44", "image": "https://pub-fbec7c9199f04af8ab95a413a4620d37.r2.dev/suppliers/gildan/products/_variants/w400/18500b/18500b-navy-front.webp"}, {"name": "Red", "hex": "#D50032", "image": "https://pub-fbec7c9199f04af8ab95a413a4620d37.r2.dev/suppliers/gildan/products/_variants/w400/18500b/18500b-red-front.webp"}, {"name": "Royal", "hex": "#1D4F91", "image": "https://pub-fbec7c9199f04af8ab95a413a4620d37.r2.dev/suppliers/gildan/products/_variants/w400/18500b/18500b-royal-front.webp"}, {"name": "Sport Grey", "hex": "#97999B", "image": "https://pub-fbec7c9199f04af8ab95a413a4620d37.r2.dev/suppliers/gildan/products/_variants/w400/18500b/18500b-sport-grey-front.webp"}, {"name": "White", "hex": "#FFFFFF", "image": "https://pub-fbec7c9199f04af8ab95a413a4620d37.r2.dev/suppliers/gildan/products/_variants/w400/18500b/18500b-white-front.webp"}]'::jsonb,'{"composition": "50% Cotton / 50% Polyester", "weight_gsm": "271", "fit": "Classic Fit"}'::jsonb,'["100% of our fabric cutting scraps are recycled into fiber and used in new products", "1x1 rib with spandex for enhanced stretch and recovery", "3-end ring spun cotton face fleece", "33% of the energy used to manufacture our products comes from renewable resources", "Classic fit tubular body", "Double-lined hood", "Double-needle stitching at shoulders, armholes, neck, waistband and cuffs", "Tear away label", "CPSIA Tracking label compliant", "Spun yarn for softer feel and reduced pilling"]'::jsonb,'{"unit": "cm", "measurements": [{"name": "Width (A)", "values": ["41", "43", "46", "48", "51"]}, {"name": "Length (B)", "values": ["50", "54", "57", "61", "65"]}, {"name": "Sleeve Center Back (D2)", "values": ["60", "67", "70", "77", "84"]}], "sizes": ["XS", "S", "M", "L", "XL"]}'::jsonb,null,'{"Cotton","Polyester"}','{"Screen Print","DTG","DTF","Embroidery"}',true,'local_stock');
insert into public.pricing_tiers (product_id,min_qty,base_price,sort_order) values ('61a7c40f-d61d-4cd1-906c-5a336048eed7',20,19.3,1);
insert into public.product_colours (product_id,name,hex,images,sort_order) values ('61a7c40f-d61d-4cd1-906c-5a336048eed7','Gallery',null,'["https://pub-fbec7c9199f04af8ab95a413a4620d37.r2.dev/suppliers/gildan/products/_variants/w400/18500b/18500b-black-01.webp", "https://pub-fbec7c9199f04af8ab95a413a4620d37.r2.dev/suppliers/gildan/products/_variants/w400/18500b/18500b-black-02.webp", "https://pub-fbec7c9199f04af8ab95a413a4620d37.r2.dev/suppliers/gildan/products/_variants/w400/18500b/18500b-black-front.webp"]'::jsonb,0);
insert into public.products (id,supplier,supplier_name,supplier_sku,supplier_code,name,slug,category,gender,brand,description,short_desc,seo_description,meta_description,meta_title,min_qty,setup_fee,shipping,margin,status,is_published,decoration_required,decoration_model,colours,specs,features,size_chart,size_pricing,material_tags,print_methods,is_eco,fulfillment) values ('8fa957fe-ebd9-4ec4-aff1-61645b4dd1df','Gildan Brands','Gildan','5000B','5000B','Gildan® Heavy Cotton® 5000B T-Shirt','gildan-heavy-cotton-5000b-t-shirt-5000b','T-Shirts','Unisex','Gildan','Youth version of the Heavy Cotton tee in the same midweight cotton.','Youth version of the Heavy Cotton tee in the same midweight cotton.','Print your logo on the Gildan® Heavy Cotton® 5000B T-Shirt — 180 GSM. Screen Print/DTG/DTF/Embroidery from 20.','Custom printed Gildan® Heavy Cotton® 5000B T-Shirt by Gildan. 100% US Cotton. Screen Print/DTG/DTF/Embroidery, min 20. Fast Australia-wide.','Custom Printed Gildan® Heavy Cotton® 5000B T-Shirt | Gildan',20,0,30,1.4,'active',false,true,'calculator','[{"name": "Black", "hex": "#25282A", "image": "https://pub-fbec7c9199f04af8ab95a413a4620d37.r2.dev/suppliers/gildan/products/_variants/w400/5000b/5000b-black-front.webp"}, {"name": "Cardinal Red", "hex": "#8A1538", "image": "https://pub-fbec7c9199f04af8ab95a413a4620d37.r2.dev/suppliers/gildan/products/_variants/w400/5000b/5000b-cardinalred-front.webp"}, {"name": "Charcoal", "hex": "#63666A", "image": "https://pub-fbec7c9199f04af8ab95a413a4620d37.r2.dev/suppliers/gildan/products/_variants/w400/5000b/5000b-charcoal-front.webp"}, {"name": "Daisy", "hex": "#FED141", "image": "https://pub-fbec7c9199f04af8ab95a413a4620d37.r2.dev/suppliers/gildan/products/_variants/w400/5000b/5000b-daisy-front.webp"}, {"name": "Forest Green", "hex": "#183029", "image": "https://pub-fbec7c9199f04af8ab95a413a4620d37.r2.dev/suppliers/gildan/products/_variants/w400/5000b/5000b-forest-green-front.webp"}, {"name": "Gold", "hex": "#FFB81C", "image": "https://pub-fbec7c9199f04af8ab95a413a4620d37.r2.dev/suppliers/gildan/products/_variants/w400/5000b/5000b-gold-front.webp"}, {"name": "HeatherGrey", "hex": "", "image": "https://pub-fbec7c9199f04af8ab95a413a4620d37.r2.dev/suppliers/gildan/products/_variants/w400/5000b/5000b-heathergrey-front.webp"}, {"name": "Heliconia", "hex": "#E31C79", "image": "https://pub-fbec7c9199f04af8ab95a413a4620d37.r2.dev/suppliers/gildan/products/_variants/w400/5000b/5000b-heliconia-front.webp"}, {"name": "Indigo Blue", "hex": "#4F758B", "image": "https://pub-fbec7c9199f04af8ab95a413a4620d37.r2.dev/suppliers/gildan/products/_variants/w400/5000b/5000b-indigo-blue-front.webp"}, {"name": "Irish Green", "hex": "#00A74A", "image": "https://pub-fbec7c9199f04af8ab95a413a4620d37.r2.dev/suppliers/gildan/products/_variants/w400/5000b/5000b-irish-green-front.webp"}, {"name": "Light Blue", "hex": "#A4C8E1", "image": "https://pub-fbec7c9199f04af8ab95a413a4620d37.r2.dev/suppliers/gildan/products/_variants/w400/5000b/5000b-lightblue-front.webp"}, {"name": "Lime", "hex": "#78D64B", "image": "https://pub-fbec7c9199f04af8ab95a413a4620d37.r2.dev/suppliers/gildan/products/_variants/w400/5000b/5000b-lime-front.webp"}, {"name": "Maroon", "hex": "#582D40", "image": "https://pub-fbec7c9199f04af8ab95a413a4620d37.r2.dev/suppliers/gildan/products/_variants/w400/5000b/5000b-maroon-front.webp"}, {"name": "Navy", "hex": "#202A44", "image": "https://pub-fbec7c9199f04af8ab95a413a4620d37.r2.dev/suppliers/gildan/products/_variants/w400/5000b/5000b-navy-front.webp"}, {"name": "Orange", "hex": "#F4633A", "image": "https://pub-fbec7c9199f04af8ab95a413a4620d37.r2.dev/suppliers/gildan/products/_variants/w400/5000b/5000b-orange-front.webp"}, {"name": "Purple", "hex": "#351F65", "image": "https://pub-fbec7c9199f04af8ab95a413a4620d37.r2.dev/suppliers/gildan/products/_variants/w400/5000b/5000b-purple-front.webp"}, {"name": "Red", "hex": "#D50032", "image": "https://pub-fbec7c9199f04af8ab95a413a4620d37.r2.dev/suppliers/gildan/products/_variants/w400/5000b/5000b-red-front.webp"}, {"name": "Royal", "hex": "#1D4F91", "image": "https://pub-fbec7c9199f04af8ab95a413a4620d37.r2.dev/suppliers/gildan/products/_variants/w400/5000b/5000b-royal-front.webp"}, {"name": "Safety Green", "hex": "#C4D600", "image": "https://pub-fbec7c9199f04af8ab95a413a4620d37.r2.dev/suppliers/gildan/products/_variants/w400/5000b/5000b-safety-green-front.webp"}, {"name": "Safety Orange", "hex": "#FE5000", "image": "https://pub-fbec7c9199f04af8ab95a413a4620d37.r2.dev/suppliers/gildan/products/_variants/w400/5000b/5000b-safety-orange-front.webp"}, {"name": "Sand", "hex": "#C5B9AC", "image": "https://pub-fbec7c9199f04af8ab95a413a4620d37.r2.dev/suppliers/gildan/products/_variants/w400/5000b/5000b-sand-front.webp"}, {"name": "Sapphire", "hex": "#0067A0", "image": "https://pub-fbec7c9199f04af8ab95a413a4620d37.r2.dev/suppliers/gildan/products/_variants/w400/5000b/5000b-sapphire-front.webp"}, {"name": "White", "hex": "#FFFFFF", "image": "https://pub-fbec7c9199f04af8ab95a413a4620d37.r2.dev/suppliers/gildan/products/_variants/w400/5000b/5000b-white-front.webp"}]'::jsonb,'{"composition": "100% US Cotton", "weight_gsm": "180", "fit": "Classic Fit"}'::jsonb,'["100% US Cotton", "1.91cm rib collar", "Classic fit tubular body", "Classic midweight fabric", "Double-needle sleeve and bottom hems", "Tear away label", "CPSIA Tracking label compliant", "Taped neck and shoulders", "100% of our fabric cutting scraps are recycled into fiber and used in new products", "33% of the energy used to manufacture our products comes from renewable resources", "Proudly using 100% US Cotton that is sustainably grown and ethically harvested.", "*Sport Grey - 90% Cotton, 10% Polyester", "*Safety Green & S Orange - 50% Cotton, 50% Polyester"]'::jsonb,'{"unit": "cm", "measurements": [{"name": "Width (A)", "values": ["41", "43", "46", "48", null]}, {"name": "Length (B)", "values": ["52", "56", "60", "64", null]}, {"name": "Sleeve Center Back (D2)", "values": ["34", "36", "39", "41", null]}], "sizes": ["XS", "S", "M", "L", "XL"]}'::jsonb,null,'{"Cotton"}','{"Screen Print","DTG","DTF","Embroidery"}',true,'local_stock');
insert into public.pricing_tiers (product_id,min_qty,base_price,sort_order) values ('8fa957fe-ebd9-4ec4-aff1-61645b4dd1df',20,5.25,1);
insert into public.product_colours (product_id,name,hex,images,sort_order) values ('8fa957fe-ebd9-4ec4-aff1-61645b4dd1df','Gallery',null,'["https://pub-fbec7c9199f04af8ab95a413a4620d37.r2.dev/suppliers/gildan/products/_variants/w400/5000b/5000b-ashgrey-01.webp", "https://pub-fbec7c9199f04af8ab95a413a4620d37.r2.dev/suppliers/gildan/products/_variants/w400/5000b/5000b-ashgrey-02.webp", "https://pub-fbec7c9199f04af8ab95a413a4620d37.r2.dev/suppliers/gildan/products/_variants/w400/5000b/5000b-black-front.webp"]'::jsonb,0);
insert into public.products (id,supplier,supplier_name,supplier_sku,supplier_code,name,slug,category,gender,brand,description,short_desc,seo_description,meta_description,meta_title,min_qty,setup_fee,shipping,margin,status,is_published,decoration_required,decoration_model,colours,specs,features,size_chart,size_pricing,material_tags,print_methods,is_eco,fulfillment) values ('4732a5b4-cb09-4d17-bae3-f2ffa404dc44','Gildan Brands','Gildan','5000L','5000L','Gildan® Heavy Cotton® 5000L T-Shirt','gildan-heavy-cotton-5000l-t-shirt-5000l','T-Shirts','Unisex','Gildan','Semi-fitted women''s Heavy Cotton tee with cap sleeves in midweight cotton fabric.','Semi-fitted women''s Heavy Cotton tee with cap sleeves in midweight cotton fabric.','Print your logo on the Gildan® Heavy Cotton® 5000L T-Shirt — 180 GSM. Screen Print/DTG/DTF/Embroidery from 20.','Custom printed Gildan® Heavy Cotton® 5000L T-Shirt by Gildan. 100% US Cotton. Screen Print/DTG/DTF/Embroidery, min 20. Fast Australia-wide.','Custom Printed Gildan® Heavy Cotton® 5000L T-Shirt | Gildan',20,0,30,1.4,'active',false,true,'calculator','[{"name": "Azalea", "hex": "#DD74A1", "image": "https://pub-fbec7c9199f04af8ab95a413a4620d37.r2.dev/suppliers/gildan/products/_variants/w400/5000l/5000l-azalea-front.webp"}, {"name": "Black", "hex": "#25282A", "image": "https://pub-fbec7c9199f04af8ab95a413a4620d37.r2.dev/suppliers/gildan/products/_variants/w400/5000l/5000l-black-front.webp"}, {"name": "Charcoal", "hex": "#63666A", "image": "https://pub-fbec7c9199f04af8ab95a413a4620d37.r2.dev/suppliers/gildan/products/_variants/w400/5000l/5000l-charcoal-front.webp"}, {"name": "Daisy", "hex": "#FED141", "image": "https://pub-fbec7c9199f04af8ab95a413a4620d37.r2.dev/suppliers/gildan/products/_variants/w400/5000l/5000l-daisy-front.webp"}, {"name": "Irish Green", "hex": "#00A74A", "image": "https://pub-fbec7c9199f04af8ab95a413a4620d37.r2.dev/suppliers/gildan/products/_variants/w400/5000l/5000l-irish-green-front.webp"}, {"name": "Navy", "hex": "#202A44", "image": "https://pub-fbec7c9199f04af8ab95a413a4620d37.r2.dev/suppliers/gildan/products/_variants/w400/5000l/5000l-navy-front.webp"}, {"name": "Purple", "hex": "#351F65", "image": "https://pub-fbec7c9199f04af8ab95a413a4620d37.r2.dev/suppliers/gildan/products/_variants/w400/5000l/5000l-purple-front.webp"}, {"name": "Red", "hex": "#D50032", "image": "https://pub-fbec7c9199f04af8ab95a413a4620d37.r2.dev/suppliers/gildan/products/_variants/w400/5000l/5000l-red-front.webp"}, {"name": "Royal", "hex": "#1D4F91", "image": "https://pub-fbec7c9199f04af8ab95a413a4620d37.r2.dev/suppliers/gildan/products/_variants/w400/5000l/5000l-royal-front.webp"}, {"name": "Sapphire", "hex": "#0067A0", "image": "https://pub-fbec7c9199f04af8ab95a413a4620d37.r2.dev/suppliers/gildan/products/_variants/w400/5000l/5000l-sapphire-front.webp"}, {"name": "Sport Grey", "hex": "#97999B", "image": "https://pub-fbec7c9199f04af8ab95a413a4620d37.r2.dev/suppliers/gildan/products/_variants/w400/5000l/5000l-sportgrey-front.webp"}, {"name": "White", "hex": "#FFFFFF", "image": "https://pub-fbec7c9199f04af8ab95a413a4620d37.r2.dev/suppliers/gildan/products/_variants/w400/5000l/5000l-white-front.webp"}]'::jsonb,'{"composition": "100% US Cotton", "weight_gsm": "180", "fit": "Semi-Fitted"}'::jsonb,'["Fabric weight: 180g/m²", "Fabric composition: 100% US Cotton", "1.27cm rib collar", "Semi-fitted side seamed body", "Cap sleeves", "Classic midweight fabric", "Double-needle sleeve and bottom hems", "Fiber content varies by colour, see colour list for exceptions", "Tear away label", "Taped neck and shoulders", "Proudly using 100% US Cotton that is sustainably grown and ethically harvested.", "100% of our fabric cutting scraps are recycled into fiber and used in new products", "33% of the energy used to manufacture our products comes from renewable resources", "*Sport Grey - 90% Cotton, 10% Polyester"]'::jsonb,'{"unit": "cm", "measurements": [{"name": "Width (A)", "values": ["43", "48", "53", "58", "63", null]}, {"name": "Length (B)", "values": ["65", "66", "69", "71", "72", null]}, {"name": "Sleeve Center Back (D2)", "values": ["35", "37", "39", "41", "43", null]}], "sizes": ["S", "M", "L", "XL", "2XL", "3XL"]}'::jsonb,null,'{"Cotton"}','{"Screen Print","DTG","DTF","Embroidery"}',true,'local_stock');
insert into public.pricing_tiers (product_id,min_qty,base_price,sort_order) values ('4732a5b4-cb09-4d17-bae3-f2ffa404dc44',20,5.9,1);
insert into public.product_colours (product_id,name,hex,images,sort_order) values ('4732a5b4-cb09-4d17-bae3-f2ffa404dc44','Gallery',null,'["https://pub-fbec7c9199f04af8ab95a413a4620d37.r2.dev/suppliers/gildan/products/_variants/w400/5000l/5000l-azalea-01.webp", "https://pub-fbec7c9199f04af8ab95a413a4620d37.r2.dev/suppliers/gildan/products/_variants/w400/5000l/5000l-azalea-02.webp", "https://pub-fbec7c9199f04af8ab95a413a4620d37.r2.dev/suppliers/gildan/products/_variants/w400/5000l/5000l-azalea-front.webp"]'::jsonb,0);
insert into public.products (id,supplier,supplier_name,supplier_sku,supplier_code,name,slug,category,gender,brand,description,short_desc,seo_description,meta_description,meta_title,min_qty,setup_fee,shipping,margin,status,is_published,decoration_required,decoration_model,colours,specs,features,size_chart,size_pricing,material_tags,print_methods,is_eco,fulfillment) values ('a77d5600-de32-4131-8205-7deb94c5a616','Gildan Brands','Gildan','5100P','5100P','Gildan® Heavy Cotton® 5100P T-Shirt','gildan-heavy-cotton-5100p-t-shirt-5100p','T-Shirts','Unisex','Gildan','Toddler Heavy Cotton crew tee in the same midweight cotton as the adult 5000.','Toddler Heavy Cotton crew tee in the same midweight cotton as the adult 5000.','Print your logo on the Gildan® Heavy Cotton® 5100P T-Shirt — 180 GSM. Screen Print/DTG/DTF/Embroidery from 20.','Custom printed Gildan® Heavy Cotton® 5100P T-Shirt by Gildan. 100% US Cotton. Screen Print/DTG/DTF/Embroidery, min 20. Fast Australia-wide.','Custom Printed Gildan® Heavy Cotton® 5100P T-Shirt | Gildan',20,0,30,1.4,'active',false,true,'calculator','[{"name": "Black", "hex": "#25282A", "image": "https://pub-fbec7c9199f04af8ab95a413a4620d37.r2.dev/suppliers/gildan/products/_variants/w400/5100p/5100p-black-front.webp"}, {"name": "Light Blue", "hex": "#A4C8E1", "image": "https://pub-fbec7c9199f04af8ab95a413a4620d37.r2.dev/suppliers/gildan/products/_variants/w400/5100p/5100p-lightblue-front.webp"}, {"name": "Light Pink", "hex": "#E4C6D4", "image": "https://pub-fbec7c9199f04af8ab95a413a4620d37.r2.dev/suppliers/gildan/products/_variants/w400/5100p/5100p-lightpink-front.webp"}, {"name": "Navy", "hex": "#202A44", "image": "https://pub-fbec7c9199f04af8ab95a413a4620d37.r2.dev/suppliers/gildan/products/_variants/w400/5100p/5100p-navy-front.webp"}, {"name": "Red", "hex": "#D50032", "image": "https://pub-fbec7c9199f04af8ab95a413a4620d37.r2.dev/suppliers/gildan/products/_variants/w400/5100p/5100p-red-front.webp"}, {"name": "Sport Grey", "hex": "#97999B", "image": "https://pub-fbec7c9199f04af8ab95a413a4620d37.r2.dev/suppliers/gildan/products/_variants/w400/5100p/5100p-sportgrey-front.webp"}, {"name": "White", "hex": "#FFFFFF", "image": "https://pub-fbec7c9199f04af8ab95a413a4620d37.r2.dev/suppliers/gildan/products/_variants/w400/5100p/5100p-white-front.webp"}]'::jsonb,'{"composition": "100% US Cotton", "weight_gsm": "180", "fit": "Classic Fit"}'::jsonb,'["100% of our fabric cutting scraps are recycled into fiber and used in new products", "33% of the energy used to manufacture our products comes from renewable resources", "3/4\" rib collar", "Classic fit side seamed body", "Classic midweight fabric", "Double-needle sleeve and bottom hems", "Tear away label", "Proudly using 100% US Cotton that is sustainably grown and ethically harvested.", "Taped neck and shoulders", "*Sport Grey - 90% Cotton, 10% Polyester"]'::jsonb,'{"unit": "cm", "measurements": [{"name": "Width (A)", "values": ["28", "30", "33", "36", "38"]}, {"name": "Length (B)", "values": ["38", "41", "43", "46", "48"]}, {"name": "Sleeve Center Back (D2)", "values": ["23", "25", "28", "29", "32"]}], "sizes": ["2T", "3T", "4T", "5T", "6T"]}'::jsonb,null,'{"Cotton"}','{"Screen Print","DTG","DTF","Embroidery"}',true,'local_stock');
insert into public.pricing_tiers (product_id,min_qty,base_price,sort_order) values ('a77d5600-de32-4131-8205-7deb94c5a616',20,4.5,1);
insert into public.product_colours (product_id,name,hex,images,sort_order) values ('a77d5600-de32-4131-8205-7deb94c5a616','Gallery',null,'["https://pub-fbec7c9199f04af8ab95a413a4620d37.r2.dev/suppliers/gildan/products/_variants/w400/5100p/5100p-black-01.webp", "https://pub-fbec7c9199f04af8ab95a413a4620d37.r2.dev/suppliers/gildan/products/_variants/w400/5100p/5100p-black-02.webp", "https://pub-fbec7c9199f04af8ab95a413a4620d37.r2.dev/suppliers/gildan/products/_variants/w400/5100p/5100p-black-front.webp"]'::jsonb,0);
insert into public.products (id,supplier,supplier_name,supplier_sku,supplier_code,name,slug,category,gender,brand,description,short_desc,seo_description,meta_description,meta_title,min_qty,setup_fee,shipping,margin,status,is_published,decoration_required,decoration_model,colours,specs,features,size_chart,size_pricing,material_tags,print_methods,is_eco,fulfillment) values ('0560c2f9-1c72-492b-97c8-65662c28bc4a','Gildan Brands','Gildan','64000B','64000B','Gildan® Softstyle® 64000B T-Shirt','gildan-softstyle-64000b-t-shirt-64000b','T-Shirts','Unisex','Gildan','Youth Softstyle crewneck tee in the same soft ring-spun cotton as the adult 64000.','Youth Softstyle crewneck tee in the same soft ring-spun cotton as the adult 64000.','Print your logo on the Gildan® Softstyle® 64000B T-Shirt — 153 GSM. Screen Print/DTG/DTF/Embroidery from 20.','Custom printed Gildan® Softstyle® 64000B T-Shirt by Gildan. 100% Ring Spun Cotton. Screen Print/DTG/DTF/Embroidery, min 20. Fast Australia-wide.','Custom Printed Gildan® Softstyle® 64000B T-Shirt | Gildan',20,0,30,1.4,'active',false,true,'calculator','[{"name": "Black", "hex": "#25282A", "image": "https://pub-fbec7c9199f04af8ab95a413a4620d37.r2.dev/suppliers/gildan/products/_variants/w400/64000b/64000b-black-front.webp"}, {"name": "Light Pink", "hex": "#E4C6D4", "image": "https://pub-fbec7c9199f04af8ab95a413a4620d37.r2.dev/suppliers/gildan/products/_variants/w400/64000b/64000b-lightpink-front.webp"}, {"name": "Navy", "hex": "#202A44", "image": "https://pub-fbec7c9199f04af8ab95a413a4620d37.r2.dev/suppliers/gildan/products/_variants/w400/64000b/64000b-navy-front.webp"}, {"name": "Red", "hex": "#D50032", "image": "https://pub-fbec7c9199f04af8ab95a413a4620d37.r2.dev/suppliers/gildan/products/_variants/w400/64000b/64000b-red-front.webp"}, {"name": "Sport Grey", "hex": "#97999B", "image": "https://pub-fbec7c9199f04af8ab95a413a4620d37.r2.dev/suppliers/gildan/products/_variants/w400/64000b/64000b-sportgrey-front.webp"}, {"name": "White", "hex": "#FFFFFF", "image": "https://pub-fbec7c9199f04af8ab95a413a4620d37.r2.dev/suppliers/gildan/products/_variants/w400/64000b/64000b-white-front.webp"}]'::jsonb,'{"composition": "100% Ring Spun Cotton", "weight_gsm": "153", "fit": "Modern Classic Fit"}'::jsonb,'["100% of our fabric cutting scraps are recycled into fiber and used in new products", "33% of the energy used to manufacture our products comes from renewable resources", "Proudly using 100% US Cotton that is sustainably grown and ethically harvested.", "Proud Better Cotton member", "Made with our soft ring spun cotton and cotton blends", "Softstyle''s high stitch density fabric that offers a smooth printing surface", "Taped neck and shoulders for comfort and durability", "Modern classic fit, seamless body - side seam on size X-Small and Small", "High-performing black tear-away label - Transitioning to Recycled Material", "CPSIA Tracking label compliant", "*Sport Grey - 90% Cotton, 10% Polyester"]'::jsonb,'{"unit": "cm", "measurements": [{"name": "Width (A)", "values": ["36", "41", "43", "46", "48"]}, {"name": "Length (B)", "values": ["46", "52", "56", "60", "63"]}, {"name": "Sleeve Center Back (D2)", "values": ["30", "34", "37", "40", "42"]}], "sizes": ["XS", "S", "M", "L", "XL"]}'::jsonb,null,'{"Cotton"}','{"Screen Print","DTG","DTF","Embroidery"}',true,'local_stock');
insert into public.pricing_tiers (product_id,min_qty,base_price,sort_order) values ('0560c2f9-1c72-492b-97c8-65662c28bc4a',20,6.1,1);
insert into public.product_colours (product_id,name,hex,images,sort_order) values ('0560c2f9-1c72-492b-97c8-65662c28bc4a','Gallery',null,'["https://pub-fbec7c9199f04af8ab95a413a4620d37.r2.dev/suppliers/gildan/products/_variants/w400/64000b/64000b-black-01.webp", "https://pub-fbec7c9199f04af8ab95a413a4620d37.r2.dev/suppliers/gildan/products/_variants/w400/64000b/64000b-black-02.webp", "https://pub-fbec7c9199f04af8ab95a413a4620d37.r2.dev/suppliers/gildan/products/_variants/w400/64000b/64000b-black-front.webp"]'::jsonb,0);
insert into public.products (id,supplier,supplier_name,supplier_sku,supplier_code,name,slug,category,gender,brand,description,short_desc,seo_description,meta_description,meta_title,min_qty,setup_fee,shipping,margin,status,is_published,decoration_required,decoration_model,colours,specs,features,size_chart,size_pricing,material_tags,print_methods,is_eco,fulfillment) values ('f41c2c5c-ddbb-4867-94dc-b2118e258a4c','Gildan Brands','Gildan','64000L','64000L','Gildan® Softstyle® 64000L T-Shirt','gildan-softstyle-64000l-t-shirt-64000l','T-Shirts','Unisex','Gildan','Semi-fitted women''s Softstyle tee with cap sleeves in soft ring-spun cotton.','Semi-fitted women''s Softstyle tee with cap sleeves in soft ring-spun cotton.','Print your logo on the Gildan® Softstyle® 64000L T-Shirt — 153 GSM. Screen Print/DTG/DTF/Embroidery from 20.','Custom printed Gildan® Softstyle® 64000L T-Shirt by Gildan. 100% Ring Spun Cotton. Screen Print/DTG/DTF/Embroidery, min 20. Fast Australia-wide.','Custom Printed Gildan® Softstyle® 64000L T-Shirt | Gildan',20,0,30,1.4,'active',false,true,'calculator','[{"name": "Azalea", "hex": "#DD74A1", "image": "https://pub-fbec7c9199f04af8ab95a413a4620d37.r2.dev/suppliers/gildan/products/_variants/w400/64000l/64000l-azalea-front.webp"}, {"name": "Black", "hex": "#25282A", "image": "https://pub-fbec7c9199f04af8ab95a413a4620d37.r2.dev/suppliers/gildan/products/_variants/w400/64000l/64000l-black-front.webp"}, {"name": "Charcoal", "hex": "#63666A", "image": "https://pub-fbec7c9199f04af8ab95a413a4620d37.r2.dev/suppliers/gildan/products/_variants/w400/64000l/64000l-charcoal-front.webp"}, {"name": "Irish Green", "hex": "#00A74A", "image": "https://pub-fbec7c9199f04af8ab95a413a4620d37.r2.dev/suppliers/gildan/products/_variants/w400/64000l/64000l-irishgreen-front.webp"}, {"name": "Light Blue", "hex": "#A4C8E1", "image": "https://pub-fbec7c9199f04af8ab95a413a4620d37.r2.dev/suppliers/gildan/products/_variants/w400/64000l/64000l-lightblue-front.webp"}, {"name": "Navy", "hex": "#202A44", "image": "https://pub-fbec7c9199f04af8ab95a413a4620d37.r2.dev/suppliers/gildan/products/_variants/w400/64000l/64000l-navy-front.webp"}, {"name": "Purple", "hex": "#351F65", "image": "https://pub-fbec7c9199f04af8ab95a413a4620d37.r2.dev/suppliers/gildan/products/_variants/w400/64000l/64000l-purple-front.webp"}, {"name": "Red", "hex": "#D50032", "image": "https://pub-fbec7c9199f04af8ab95a413a4620d37.r2.dev/suppliers/gildan/products/_variants/w400/64000l/64000l-red-front.webp"}, {"name": "Royal", "hex": "#1D4F91", "image": "https://pub-fbec7c9199f04af8ab95a413a4620d37.r2.dev/suppliers/gildan/products/_variants/w400/64000l/64000l-royal-front.webp"}, {"name": "Sport Grey", "hex": "#97999B", "image": "https://pub-fbec7c9199f04af8ab95a413a4620d37.r2.dev/suppliers/gildan/products/_variants/w400/64000l/64000l-sportgrey-front.webp"}, {"name": "White", "hex": "#FFFFFF", "image": "https://pub-fbec7c9199f04af8ab95a413a4620d37.r2.dev/suppliers/gildan/products/_variants/w400/64000l/64000l-white-front.webp"}]'::jsonb,'{"composition": "100% Ring Spun Cotton", "weight_gsm": "153", "fit": "Semi-Fitted"}'::jsonb,'["Fabric weight: 153g/m²", "Fabric composition: 100% ring spun cotton", "1.27cm rib collar", "100% of our fabric cutting scraps are recycled into fiber and used in new products", "33% of the energy used to manufacture our products comes from renewable resources", "Cap sleeves", "Double-needle sleeve and bottom hems", "Tear away label", "High stitch density for smoother printing surface", "Semi-fitted side seamed body", "Soft ring spun fabric", "Taped neck and shoulders", "*Sport Grey - 90% Cotton, 10% Polyester"]'::jsonb,'{"unit": "cm", "measurements": [{"name": "Width (A)", "values": ["43", "48", "53", "58", "63", "69"]}, {"name": "Length (B)", "values": ["65", "66", "69", "71", "72", "74"]}, {"name": "Sleeve Center Back (D2)", "values": ["35", "37", "39", "41", "43", "46"]}], "sizes": ["S", "M", "L", "XL", "2XL", "3XL"]}'::jsonb,null,'{"Cotton"}','{"Screen Print","DTG","DTF","Embroidery"}',true,'local_stock');
insert into public.pricing_tiers (product_id,min_qty,base_price,sort_order) values ('f41c2c5c-ddbb-4867-94dc-b2118e258a4c',20,5.9,1);
insert into public.product_colours (product_id,name,hex,images,sort_order) values ('f41c2c5c-ddbb-4867-94dc-b2118e258a4c','Gallery',null,'["https://pub-fbec7c9199f04af8ab95a413a4620d37.r2.dev/suppliers/gildan/products/_variants/w400/64000l/64000l-azalea-01.webp", "https://pub-fbec7c9199f04af8ab95a413a4620d37.r2.dev/suppliers/gildan/products/_variants/w400/64000l/64000l-azalea-02.webp", "https://pub-fbec7c9199f04af8ab95a413a4620d37.r2.dev/suppliers/gildan/products/_variants/w400/64000l/64000l-azalea-front.webp"]'::jsonb,0);
insert into public.products (id,supplier,supplier_name,supplier_sku,supplier_code,name,slug,category,gender,brand,description,short_desc,seo_description,meta_description,meta_title,min_qty,setup_fee,shipping,margin,status,is_published,decoration_required,decoration_model,colours,specs,features,size_chart,size_pricing,material_tags,print_methods,is_eco,fulfillment) values ('e458441c-c41b-4774-a2e7-e7044f71deae','Gildan Brands','Gildan','64800L','64800L','Gildan® Softstyle® 64800L Polo Shirt','gildan-softstyle-64800l-polo-shirt-64800l','Polos','Unisex','Gildan','Women''s Softstyle polo shirt, semi-fitted version of the 64800 in the same pique cotton.','Women''s Softstyle polo shirt, semi-fitted version of the 64800 in the same pique cotton.','Print your logo on the Gildan® Softstyle® 64800L Polo Shirt — 177 GSM. Screen Print/DTG/DTF/Embroidery from 20.','Custom printed Gildan® Softstyle® 64800L Polo Shirt by Gildan. 100% Combed Ring Spun Cotton. Screen Print/DTG/DTF/Embroidery, min 20. Fast Australia-wide.','Custom Printed Gildan® Softstyle® 64800L Polo Shirt | Gildan',20,0,30,1.4,'active',false,true,'calculator','[{"name": "Black", "hex": "#25282A", "image": "https://pub-fbec7c9199f04af8ab95a413a4620d37.r2.dev/suppliers/gildan/products/_variants/w400/64800l/64800l-black-front.webp"}, {"name": "Forest Green", "hex": "", "image": "https://pub-fbec7c9199f04af8ab95a413a4620d37.r2.dev/suppliers/gildan/products/_variants/w400/64800l/64800l-forest-green-front.webp"}, {"name": "Navy", "hex": "#202A44", "image": "https://pub-fbec7c9199f04af8ab95a413a4620d37.r2.dev/suppliers/gildan/products/_variants/w400/64800l/64800l-navy-front.webp"}, {"name": "Red", "hex": "#D50032", "image": "https://pub-fbec7c9199f04af8ab95a413a4620d37.r2.dev/suppliers/gildan/products/_variants/w400/64800l/64800l-red-front.webp"}, {"name": "Royal", "hex": "#1D4F91", "image": "https://pub-fbec7c9199f04af8ab95a413a4620d37.r2.dev/suppliers/gildan/products/_variants/w400/64800l/64800l-royal-front.webp"}, {"name": "Sport Grey", "hex": "#97999B", "image": "https://pub-fbec7c9199f04af8ab95a413a4620d37.r2.dev/suppliers/gildan/products/_variants/w400/64800l/64800l-sportgrey-front.webp"}, {"name": "White", "hex": "#FFFFFF", "image": "https://pub-fbec7c9199f04af8ab95a413a4620d37.r2.dev/suppliers/gildan/products/_variants/w400/64800l/64800l-white-front.webp"}]'::jsonb,'{"composition": "100% Combed Ring Spun Cotton", "weight_gsm": "177", "fit": "Semi-Fitted"}'::jsonb,'["Fabric weight: 177g/m²", "Fabric composition: 100% ring spun cotton", "Pique Knit", "Yarn count 31/1", "Contoured welt collar", "Clean finished reverse placket with reinforced bottom box", "4 colour-matched buttons", "Rolled forward topstitched shoulder", "Double-needle sleeve and bottom hems", "High stitch density fabric", "Grey pearlized tear away label", "*Sport Grey - 90% Cotton, 10% Polyester"]'::jsonb,'{"unit": "cm", "measurements": [{"name": "Width (A)", "values": ["42", "45", "50", "54", "58"]}, {"name": "Length (B)", "values": ["65", "67", "70", "72", "75"]}, {"name": "Sleeve Center Back (D2)", "values": ["38", "40", "41", "43", "46"]}], "sizes": ["S", "M", "L", "XL", "2XL"]}'::jsonb,null,'{"Cotton"}','{"Screen Print","DTG","DTF","Embroidery"}',false,'local_stock');
insert into public.pricing_tiers (product_id,min_qty,base_price,sort_order) values ('e458441c-c41b-4774-a2e7-e7044f71deae',20,10.6,1);
insert into public.product_colours (product_id,name,hex,images,sort_order) values ('e458441c-c41b-4774-a2e7-e7044f71deae','Gallery',null,'["https://pub-fbec7c9199f04af8ab95a413a4620d37.r2.dev/suppliers/gildan/products/_variants/w400/64800l/64800l-black-01.webp", "https://pub-fbec7c9199f04af8ab95a413a4620d37.r2.dev/suppliers/gildan/products/_variants/w400/64800l/64800l-black-02.webp", "https://pub-fbec7c9199f04af8ab95a413a4620d37.r2.dev/suppliers/gildan/products/_variants/w400/64800l/64800l-black-front.webp"]'::jsonb,0);
insert into public.products (id,supplier,supplier_name,supplier_sku,supplier_code,name,slug,category,gender,brand,description,short_desc,seo_description,meta_description,meta_title,min_qty,setup_fee,shipping,margin,status,is_published,decoration_required,decoration_model,colours,specs,features,size_chart,size_pricing,material_tags,print_methods,is_eco,fulfillment) values ('087c7570-eecf-40f6-8b54-0b8fd6bffa2d','Gildan Brands','Gildan','64V00','64V00','Gildan® Softstyle® 64V00 T-Shirt','gildan-softstyle-64v00-t-shirt-64v00','T-Shirts','Unisex','Gildan','Softstyle V-neck tee in soft ring-spun cotton with a modern classic fit.','Softstyle V-neck tee in soft ring-spun cotton with a modern classic fit.','Print your logo on the Gildan® Softstyle® 64V00 T-Shirt — 153 GSM. Screen Print/DTG/DTF/Embroidery from 20.','Custom printed Gildan® Softstyle® 64V00 T-Shirt by Gildan. 100% Ring Spun Cotton. Screen Print/DTG/DTF/Embroidery, min 20. Fast Australia-wide.','Custom Printed Gildan® Softstyle® 64V00 T-Shirt | Gildan',20,0,30,1.4,'active',false,true,'calculator','[{"name": "Black", "hex": "#25282A", "image": "https://pub-fbec7c9199f04af8ab95a413a4620d37.r2.dev/suppliers/gildan/products/_variants/w400/64v00/64v00-black-front.webp"}, {"name": "Navy", "hex": "#202A44", "image": "https://pub-fbec7c9199f04af8ab95a413a4620d37.r2.dev/suppliers/gildan/products/_variants/w400/64v00/64v00-navy-front.webp"}, {"name": "Sport Grey", "hex": "#97999B", "image": "https://pub-fbec7c9199f04af8ab95a413a4620d37.r2.dev/suppliers/gildan/products/_variants/w400/64v00/64v00-sportgrey-front.webp"}, {"name": "White", "hex": "#FFFFFF", "image": "https://pub-fbec7c9199f04af8ab95a413a4620d37.r2.dev/suppliers/gildan/products/_variants/w400/64v00/64v00-white-front.webp"}]'::jsonb,'{"composition": "100% Ring Spun Cotton", "weight_gsm": "153", "fit": "Modern Classic Fit"}'::jsonb,'["Fabric weight: 153g/m²", "Fabric composition: 100% ring spun cotton", "100% of our fabric cutting scraps are recycled into fiber and used in new products", "1.59cm rib collar", "Double-needle sleeve and bottom hems", "Tear away neck label", "High stitch density for smoother printing surface", "Modern classic fit tubular body", "Soft ring spun fabric", "Taped neck and shoulders", "33% of the energy used to manufacture our products comes from renewable resources", "Proudly using 100% US Cotton that is sustainably grown and ethically harvested", "*Sport Grey - 90% Cotton, 10% Polyester"]'::jsonb,'{"unit": "cm", "measurements": [{"name": "Width (A)", "values": ["46", "51", "56", "61", "66"]}, {"name": "Length (B)", "values": ["71", "74", "77", "79", "81"]}, {"name": "Sleeve Center Back (D2)", "values": ["42", "45", "48", "52", "55"]}], "sizes": ["S", "M", "L", "XL", "2XL"]}'::jsonb,null,'{"Cotton"}','{"Screen Print","DTG","DTF","Embroidery"}',true,'local_stock');
insert into public.pricing_tiers (product_id,min_qty,base_price,sort_order) values ('087c7570-eecf-40f6-8b54-0b8fd6bffa2d',20,6.75,1);
insert into public.product_colours (product_id,name,hex,images,sort_order) values ('087c7570-eecf-40f6-8b54-0b8fd6bffa2d','Gallery',null,'["https://pub-fbec7c9199f04af8ab95a413a4620d37.r2.dev/suppliers/gildan/products/_variants/w400/64v00/64v00-black-01.webp", "https://pub-fbec7c9199f04af8ab95a413a4620d37.r2.dev/suppliers/gildan/products/_variants/w400/64v00/64v00-black-02.webp", "https://pub-fbec7c9199f04af8ab95a413a4620d37.r2.dev/suppliers/gildan/products/_variants/w400/64v00/64v00-black-front.webp"]'::jsonb,0);
insert into public.products (id,supplier,supplier_name,supplier_sku,supplier_code,name,slug,category,gender,brand,description,short_desc,seo_description,meta_description,meta_title,min_qty,setup_fee,shipping,margin,status,is_published,decoration_required,decoration_model,colours,specs,features,size_chart,size_pricing,material_tags,print_methods,is_eco,fulfillment) values ('1c86209d-425d-44b2-9ec9-f040c966946e','Gildan Brands','Gildan','64V00L','64V00L','Gildan® Softstyle® 64V00L T-Shirt','gildan-softstyle-64v00l-t-shirt-64v00l','T-Shirts','Unisex','Gildan','Women''s Softstyle V-neck tee, semi-fitted cut in soft ring-spun cotton.','Women''s Softstyle V-neck tee, semi-fitted cut in soft ring-spun cotton.','Print your logo on the Gildan® Softstyle® 64V00L T-Shirt — 153 GSM. Screen Print/DTG/DTF/Embroidery from 20.','Custom printed Gildan® Softstyle® 64V00L T-Shirt by Gildan. 100% Ring Spun Cotton. Screen Print/DTG/DTF/Embroidery, min 20. Fast Australia-wide.','Custom Printed Gildan® Softstyle® 64V00L T-Shirt | Gildan',20,0,30,1.4,'active',false,true,'calculator','[{"name": "Azalea", "hex": "#DD74A1", "image": "https://pub-fbec7c9199f04af8ab95a413a4620d37.r2.dev/suppliers/gildan/products/_variants/w400/64v00l/64v00l-azalea-front.webp"}, {"name": "Black", "hex": "#25282A", "image": "https://pub-fbec7c9199f04af8ab95a413a4620d37.r2.dev/suppliers/gildan/products/_variants/w400/64v00l/64v00l-black-front.webp"}, {"name": "Navy", "hex": "#202A44", "image": "https://pub-fbec7c9199f04af8ab95a413a4620d37.r2.dev/suppliers/gildan/products/_variants/w400/64v00l/64v00l-navy-front.webp"}, {"name": "Sport Grey", "hex": "#97999B", "image": "https://pub-fbec7c9199f04af8ab95a413a4620d37.r2.dev/suppliers/gildan/products/_variants/w400/64v00l/64v00l-sportgrey-front.webp"}, {"name": "White", "hex": "#FFFFFF", "image": "https://pub-fbec7c9199f04af8ab95a413a4620d37.r2.dev/suppliers/gildan/products/_variants/w400/64v00l/64v00l-white-front.webp"}]'::jsonb,'{"composition": "100% Ring Spun Cotton", "weight_gsm": "153", "fit": "Semi-Fitted"}'::jsonb,'["Fabric weight: 153g/m²", "Fabric composition: 100% ring spun cotton", "Soft ring spun fabric", "High stitch density for smoother printing surface", "1.27 cm v-neck rib collar", "Taped neck and shoulders", "Cap sleeves", "Taped neck and shoulders", "Double-needle sleeve and bottom hems", "Side seamed body", "Grey pearlized tear away label", "*Sport Grey - 90% Cotton, 10% Polyester"]'::jsonb,'{"unit": "cm", "measurements": [{"name": "Width (A)", "values": ["43", "48", "53", "58", "64"]}, {"name": "Length (B)", "values": ["65", "66", "69", "71", "72"]}, {"name": "Sleeve Center Back (D2)", "values": ["35", "37", "39", "41", "43"]}], "sizes": ["S", "M", "L", "XL", "2XL"]}'::jsonb,null,'{"Cotton"}','{"Screen Print","DTG","DTF","Embroidery"}',false,'local_stock');
insert into public.pricing_tiers (product_id,min_qty,base_price,sort_order) values ('1c86209d-425d-44b2-9ec9-f040c966946e',20,6.75,1);
insert into public.product_colours (product_id,name,hex,images,sort_order) values ('1c86209d-425d-44b2-9ec9-f040c966946e','Gallery',null,'["https://pub-fbec7c9199f04af8ab95a413a4620d37.r2.dev/suppliers/gildan/products/_variants/w400/64v00l/64v00l-azalea-01.webp", "https://pub-fbec7c9199f04af8ab95a413a4620d37.r2.dev/suppliers/gildan/products/_variants/w400/64v00l/64v00l-azalea-02.webp", "https://pub-fbec7c9199f04af8ab95a413a4620d37.r2.dev/suppliers/gildan/products/_variants/w400/64v00l/64v00l-azalea-front.webp"]'::jsonb,0);
insert into public.products (id,supplier,supplier_name,supplier_sku,supplier_code,name,slug,category,gender,brand,description,short_desc,seo_description,meta_description,meta_title,min_qty,setup_fee,shipping,margin,status,is_published,decoration_required,decoration_model,colours,specs,features,size_chart,size_pricing,material_tags,print_methods,is_eco,fulfillment) values ('40283ccc-e447-4160-adf7-2cc92860222c','Gildan Brands','Gildan','65000B','65000B','Gildan® Softstyle® 65000B T-Shirt','gildan-softstyle-65000b-t-shirt-65000b','T-Shirts','Unisex','Gildan','Youth version of the Softstyle midweight crewneck tee in the same ring-spun cotton.','Youth version of the Softstyle midweight crewneck tee in the same ring-spun cotton.','Print your logo on the Gildan® Softstyle® 65000B T-Shirt — 183 GSM. Screen Print/DTG/DTF/Embroidery from 20.','Custom printed Gildan® Softstyle® 65000B T-Shirt by Gildan. 100% Ring Spun Cotton. Screen Print/DTG/DTF/Embroidery, min 20. Fast Australia-wide.','Custom Printed Gildan® Softstyle® 65000B T-Shirt | Gildan',20,0,30,1.4,'active',false,true,'calculator','[{"name": "Black", "hex": "", "image": "https://pub-fbec7c9199f04af8ab95a413a4620d37.r2.dev/suppliers/gildan/products/_variants/w400/65000b/65000b-black-front.webp"}, {"name": "Daisy", "hex": "#FED141", "image": "https://pub-fbec7c9199f04af8ab95a413a4620d37.r2.dev/suppliers/gildan/products/_variants/w400/65000b/65000b-daisy-front.webp"}, {"name": "HeatherSportsGrey", "hex": "", "image": "https://pub-fbec7c9199f04af8ab95a413a4620d37.r2.dev/suppliers/gildan/products/_variants/w400/65000b/65000b-heathersportsgrey-front.webp"}, {"name": "Light Blue", "hex": "#A4C8E1", "image": "https://pub-fbec7c9199f04af8ab95a413a4620d37.r2.dev/suppliers/gildan/products/_variants/w400/65000b/65000b-light-blue-front.webp"}, {"name": "Navy", "hex": "#202A44", "image": "https://pub-fbec7c9199f04af8ab95a413a4620d37.r2.dev/suppliers/gildan/products/_variants/w400/65000b/65000b-navy-front.webp"}, {"name": "Orange", "hex": "#F4633A", "image": "https://pub-fbec7c9199f04af8ab95a413a4620d37.r2.dev/suppliers/gildan/products/_variants/w400/65000b/65000b-orange-front.webp"}, {"name": "Red", "hex": "#D50032", "image": "https://pub-fbec7c9199f04af8ab95a413a4620d37.r2.dev/suppliers/gildan/products/_variants/w400/65000b/65000b-red-front.webp"}, {"name": "Royal", "hex": "#1D4F91", "image": "https://pub-fbec7c9199f04af8ab95a413a4620d37.r2.dev/suppliers/gildan/products/_variants/w400/65000b/65000b-royal-front.webp"}, {"name": "Sage", "hex": "#819E87", "image": "https://pub-fbec7c9199f04af8ab95a413a4620d37.r2.dev/suppliers/gildan/products/_variants/w400/65000b/65000b-sage-front.webp"}, {"name": "White", "hex": "#FFFFFF", "image": "https://pub-fbec7c9199f04af8ab95a413a4620d37.r2.dev/suppliers/gildan/products/_variants/w400/65000b/65000b-white-front.webp"}]'::jsonb,'{"composition": "100% Ring Spun Cotton", "weight_gsm": "183", "fit": "Modern Classic Fit"}'::jsonb,'["100% of our fabric cutting scraps are recycled into fiber and used in new products", "33% of the energy used to manufacture our products comes from renewable resources", "Proudly using 100% US Cotton that is sustainably grown and ethically harvested.", "Proud Better Cotton member", "Made with our soft ring spun cotton and cotton blends", "Softstyle Midweight features high stitch density fabric that offers a smooth printing surface, ideal for DTG", "Soft ring spun fabric feels great against your skin", "Non-topstitched, classic width, rib collar", "Taped neck and shoulders for comfort and durability", "Modern classic fit, tubular body - side seam on size Small", "High-performing black tear-away label", "CPSIA Tracking label compliant", "*Ring Spun Sport Grey - 90% Cotton, 10% Polyester"]'::jsonb,'{"unit": "cm", "measurements": [{"name": "Width (A)", "values": ["36", "41", "43", "46", "48"]}, {"name": "Length (B)", "values": ["46", "52", "56", "60", "64"]}, {"name": "Sleeve Center Back (D2)", "values": ["30", "34", "37", "40", "42"]}], "sizes": ["XS", "S", "M", "L", "XL"]}'::jsonb,null,'{"Cotton"}','{"Screen Print","DTG","DTF","Embroidery"}',true,'local_stock');
insert into public.pricing_tiers (product_id,min_qty,base_price,sort_order) values ('40283ccc-e447-4160-adf7-2cc92860222c',20,5.75,1);
insert into public.product_colours (product_id,name,hex,images,sort_order) values ('40283ccc-e447-4160-adf7-2cc92860222c','Gallery',null,'["https://pub-fbec7c9199f04af8ab95a413a4620d37.r2.dev/suppliers/gildan/products/_variants/w400/65000b/65000b-black-01.webp", "https://pub-fbec7c9199f04af8ab95a413a4620d37.r2.dev/suppliers/gildan/products/_variants/w400/65000b/65000b-black-02.webp", "https://pub-fbec7c9199f04af8ab95a413a4620d37.r2.dev/suppliers/gildan/products/_variants/w400/65000b/65000b-black-front.webp"]'::jsonb,0);
insert into public.products (id,supplier,supplier_name,supplier_sku,supplier_code,name,slug,category,gender,brand,description,short_desc,seo_description,meta_description,meta_title,min_qty,setup_fee,shipping,margin,status,is_published,decoration_required,decoration_model,colours,specs,features,size_chart,size_pricing,material_tags,print_methods,is_eco,fulfillment) values ('33ca822f-8482-4537-b30e-6618a111f6f3','Gildan Brands','Gildan','65000L','65000L','Gildan® Softstyle® 65000L T-Shirt','gildan-softstyle-65000l-t-shirt-65000l','T-Shirts','Unisex','Gildan','Women''s Softstyle midweight tee, semi-fitted cut in soft ring-spun cotton.','Women''s Softstyle midweight tee, semi-fitted cut in soft ring-spun cotton.','Print your logo on the Gildan® Softstyle® 65000L T-Shirt — 183 GSM. Screen Print/DTG/DTF/Embroidery from 20.','Custom printed Gildan® Softstyle® 65000L T-Shirt by Gildan. 100% Ring Spun Cotton. Screen Print/DTG/DTF/Embroidery, min 20. Fast Australia-wide.','Custom Printed Gildan® Softstyle® 65000L T-Shirt | Gildan',20,0,30,1.4,'active',false,true,'calculator','[{"name": "Black", "hex": "", "image": "https://pub-fbec7c9199f04af8ab95a413a4620d37.r2.dev/suppliers/gildan/products/_variants/w400/65000l/65000l-black-front.webp"}, {"name": "Heliconia", "hex": "#E31C79", "image": "https://pub-fbec7c9199f04af8ab95a413a4620d37.r2.dev/suppliers/gildan/products/_variants/w400/65000l/65000l-heliconia-front.webp"}, {"name": "Navy", "hex": "#202A44", "image": "https://pub-fbec7c9199f04af8ab95a413a4620d37.r2.dev/suppliers/gildan/products/_variants/w400/65000l/65000l-navy-front.webp"}, {"name": "Red", "hex": "#D50032", "image": "https://pub-fbec7c9199f04af8ab95a413a4620d37.r2.dev/suppliers/gildan/products/_variants/w400/65000l/65000l-red-front.webp"}, {"name": "Royal", "hex": "#1D4F91", "image": "https://pub-fbec7c9199f04af8ab95a413a4620d37.r2.dev/suppliers/gildan/products/_variants/w400/65000l/65000l-royal-front.webp"}, {"name": "Sapphire", "hex": "#0067A0", "image": "https://pub-fbec7c9199f04af8ab95a413a4620d37.r2.dev/suppliers/gildan/products/_variants/w400/65000l/65000l-sapphire-front.webp"}, {"name": "Sport Grey", "hex": "#97999B", "image": "https://pub-fbec7c9199f04af8ab95a413a4620d37.r2.dev/suppliers/gildan/products/_variants/w400/65000l/65000l-sportgrey-front.webp"}, {"name": "Violet", "hex": "#8094DD", "image": "https://pub-fbec7c9199f04af8ab95a413a4620d37.r2.dev/suppliers/gildan/products/_variants/w400/65000l/65000l-violet-front.webp"}, {"name": "White", "hex": "#FFFFFF", "image": "https://pub-fbec7c9199f04af8ab95a413a4620d37.r2.dev/suppliers/gildan/products/_variants/w400/65000l/65000l-white-front.webp"}]'::jsonb,'{"composition": "100% Ring Spun Cotton", "weight_gsm": "183", "fit": "Semi-Fitted"}'::jsonb,'["Fabric weight: 183g/m²", "Fabric composition: 100% ring spun cotton", "100% of our fabric cutting scraps are recycled into fiber and used in new products", "33% of the energy used to manufacture our products comes from renewable resources", "Proudly using 100% US Cotton that is sustainably grown and ethically harvested.", "Proud Better Cotton member", "Made with our soft ring spun cotton and cotton blends", "Softstyle Midweight features high stitch density fabric that offers a smooth printing surface, ideal for DTG", "Soft ring spun fabric feels great against your skin", "Non-topstitched, narrow width, rib collar", "Taped neck and shoulders for comfort and durability", "Semi-fitted, side seamed body", "High-performing black tear-away label", "*Ring Spun Sport Grey - 90% Cotton, 10% Polyester"]'::jsonb,'{"unit": "cm", "measurements": [{"name": "Width (A)", "values": ["43", "48", "53", "58", "64", "69"]}, {"name": "Length (B)", "values": ["65", "66", "69", "71", "72", "74"]}, {"name": "Sleeve Center Back (D2)", "values": ["35", "37", "39", "41", "42", "46"]}], "sizes": ["S", "M", "L", "XL", "2XL", "3XL"]}'::jsonb,'{"2XL": 10.15, "3XL": 10.15}'::jsonb,'{"Cotton"}','{"Screen Print","DTG","DTF","Embroidery"}',true,'local_stock');
insert into public.pricing_tiers (product_id,min_qty,base_price,sort_order) values ('33ca822f-8482-4537-b30e-6618a111f6f3',20,6.75,1);
insert into public.product_colours (product_id,name,hex,images,sort_order) values ('33ca822f-8482-4537-b30e-6618a111f6f3','Gallery',null,'["https://pub-fbec7c9199f04af8ab95a413a4620d37.r2.dev/suppliers/gildan/products/_variants/w400/65000l/65000l-black-01.webp", "https://pub-fbec7c9199f04af8ab95a413a4620d37.r2.dev/suppliers/gildan/products/_variants/w400/65000l/65000l-black-02.webp", "https://pub-fbec7c9199f04af8ab95a413a4620d37.r2.dev/suppliers/gildan/products/_variants/w400/65000l/65000l-black-front.webp"]'::jsonb,0);
insert into public.products (id,supplier,supplier_name,supplier_sku,supplier_code,name,slug,category,gender,brand,description,short_desc,seo_description,meta_description,meta_title,min_qty,setup_fee,shipping,margin,status,is_published,decoration_required,decoration_model,colours,specs,features,size_chart,size_pricing,material_tags,print_methods,is_eco,fulfillment) values ('8bc1df5b-937e-4f5a-a9ce-28b378b20155','Gildan Brands','Gildan','8800B','8800B','Gildan® DryBlend® 8800B Polo Shirt','gildan-dryblend-8800b-polo-shirt-8800b','Polos','Unisex','Gildan','Youth DryBlend pique polo shirt in moisture-wicking cotton-polyester blend.','Youth DryBlend pique polo shirt in moisture-wicking cotton-polyester blend.','Print your logo on the Gildan® DryBlend® 8800B Polo Shirt — 203 GSM. Screen Print/DTG/DTF/Embroidery from 20.','Custom printed Gildan® DryBlend® 8800B Polo Shirt by Gildan. 52% Ring Spun Cotton / 48% Polyester. Screen Print/DTG/DTF/Embroidery, min 20. Fast Australia-wide.','Custom Printed Gildan® DryBlend® 8800B Polo Shirt | Gildan',20,0,30,1.4,'active',false,true,'calculator','[{"name": "Black", "hex": "#25282A", "image": "https://pub-fbec7c9199f04af8ab95a413a4620d37.r2.dev/suppliers/gildan/products/_variants/w400/8800b/8800b-black-front.webp"}, {"name": "Charcoal", "hex": "", "image": "https://pub-fbec7c9199f04af8ab95a413a4620d37.r2.dev/suppliers/gildan/products/_variants/w400/8800b/8800b-charcoal-front.webp"}, {"name": "Forest Green", "hex": "#183029", "image": "https://pub-fbec7c9199f04af8ab95a413a4620d37.r2.dev/suppliers/gildan/products/_variants/w400/8800b/8800b-forestgreen-front.webp"}, {"name": "Gold", "hex": "#FFB81C", "image": "https://pub-fbec7c9199f04af8ab95a413a4620d37.r2.dev/suppliers/gildan/products/_variants/w400/8800b/8800b-gold-front.webp"}, {"name": "Light Blue", "hex": "#A4C8E1", "image": "https://pub-fbec7c9199f04af8ab95a413a4620d37.r2.dev/suppliers/gildan/products/_variants/w400/8800b/8800b-lightblue-front.webp"}, {"name": "Maroon", "hex": "#582D40", "image": "https://pub-fbec7c9199f04af8ab95a413a4620d37.r2.dev/suppliers/gildan/products/_variants/w400/8800b/8800b-maroon-front.webp"}, {"name": "Navy", "hex": "#202A44", "image": "https://pub-fbec7c9199f04af8ab95a413a4620d37.r2.dev/suppliers/gildan/products/_variants/w400/8800b/8800b-navy-front.webp"}, {"name": "Red", "hex": "#D50032", "image": "https://pub-fbec7c9199f04af8ab95a413a4620d37.r2.dev/suppliers/gildan/products/_variants/w400/8800b/8800b-red-front.webp"}, {"name": "Royal", "hex": "#1D4F91", "image": "https://pub-fbec7c9199f04af8ab95a413a4620d37.r2.dev/suppliers/gildan/products/_variants/w400/8800b/8800b-royal-front.webp"}, {"name": "Sapphire", "hex": "", "image": "https://pub-fbec7c9199f04af8ab95a413a4620d37.r2.dev/suppliers/gildan/products/_variants/w400/8800b/8800b-sapphire-front.webp"}, {"name": "Sport Grey", "hex": "#97999B", "image": "https://pub-fbec7c9199f04af8ab95a413a4620d37.r2.dev/suppliers/gildan/products/_variants/w400/8800b/8800b-sportgrey-front.webp"}, {"name": "White", "hex": "#FFFFFF", "image": "https://pub-fbec7c9199f04af8ab95a413a4620d37.r2.dev/suppliers/gildan/products/_variants/w400/8800b/8800b-white-front.webp"}]'::jsonb,'{"composition": "52% Ring Spun Cotton / 48% Polyester", "weight_gsm": "203", "fit": "Classic Fit"}'::jsonb,'["DryBlend''s moisture-wicking fabric delivers both comfort and coolness", "A decorator''s favourite for team sports", "Contoured welt collar and cuffs", "Clean finished placket with dyed-to-match buttons", "Classic fit, seamless body", "High-performing recycled tear-away label", "CPSIA Tracking label compliant", "Gildan partners with Better Cotton to improve cotton farming globally", "Made with OEKO-TEX certified low-impact dyes", "*Sport Grey - 90% Ring Spun Cotton, 10% Polyester"]'::jsonb,'{"unit": "cm", "measurements": [{"name": "Width (A)", "values": ["41", "43", "46", "48"]}, {"name": "Length (B)", "values": ["50", "55", "60", "65"]}, {"name": "Sleeve Center Back (D2)", "values": ["37", "38", "41", "42"]}], "sizes": ["S", "M", "L", "XL"]}'::jsonb,null,'{"Cotton","Polyester"}','{"Screen Print","DTG","DTF","Embroidery"}',true,'local_stock');
insert into public.pricing_tiers (product_id,min_qty,base_price,sort_order) values ('8bc1df5b-937e-4f5a-a9ce-28b378b20155',20,5.5,1);
insert into public.product_colours (product_id,name,hex,images,sort_order) values ('8bc1df5b-937e-4f5a-a9ce-28b378b20155','Gallery',null,'["https://pub-fbec7c9199f04af8ab95a413a4620d37.r2.dev/suppliers/gildan/products/_variants/w400/8800b/8800b-black-01.webp", "https://pub-fbec7c9199f04af8ab95a413a4620d37.r2.dev/suppliers/gildan/products/_variants/w400/8800b/8800b-black-02.webp", "https://pub-fbec7c9199f04af8ab95a413a4620d37.r2.dev/suppliers/gildan/products/_variants/w400/8800b/8800b-black-front.webp"]'::jsonb,0);
insert into public.products (id,supplier,supplier_name,supplier_sku,supplier_code,name,slug,category,gender,brand,description,short_desc,seo_description,meta_description,meta_title,min_qty,setup_fee,shipping,margin,status,is_published,decoration_required,decoration_model,colours,specs,features,size_chart,size_pricing,material_tags,print_methods,is_eco,fulfillment) values ('393b0ad6-c633-451d-97da-dd860e9d3a48','Gildan Brands','Gildan','H000','H000','Gildan® Hammer® H000 T-Shirt','gildan-hammer-h000-t-shirt-h000','T-Shirts','Unisex','Gildan','Heavyweight preshrunk cotton T-shirt with a modern classic fit for durable printing.','Heavyweight preshrunk cotton T-shirt with a modern classic fit for durable printing.','Print your logo on the Gildan® Hammer® H000 T-Shirt — 203 GSM. Screen Print/DTG/DTF/Embroidery from 20.','Custom printed Gildan® Hammer® H000 T-Shirt by Gildan. 100% Combed Ring Spun US Cotton. Screen Print/DTG/DTF/Embroidery, min 20. Fast Australia-wide.','Custom Printed Gildan® Hammer® H000 T-Shirt | Gildan',20,0,30,1.4,'active',false,true,'calculator','[{"name": "Black", "hex": "#25282A", "image": "https://pub-fbec7c9199f04af8ab95a413a4620d37.r2.dev/suppliers/gildan/products/_variants/w400/h000/h000-black-front.webp"}, {"name": "White", "hex": "#FFFFFF", "image": "https://pub-fbec7c9199f04af8ab95a413a4620d37.r2.dev/suppliers/gildan/products/_variants/w400/h000/h000-white-front.webp"}]'::jsonb,'{"composition": "100% Combed Ring Spun US Cotton", "weight_gsm": "203", "fit": "Modern Classic Fit"}'::jsonb,'["Fabric weight: 203g/m²", "Fabric composition: 100% ring spun cotton", "100% of our fabric cutting scraps are recycled into fiber and used in new products", "2.22cm rib collar", "Double-needle sleeve and bottom hems", "Fiber content varies by colour, see color list for exceptions", "Tear away label", "High stitch density for smoother printing surface", "Modern classic fit tubular body", "Heavyweight soft ring spun fabric", "Taped neck and shoulders", "33% of the energy used to manufacture our products comes from renewable resources", "Proudly using 100% US Cotton that is sustainably grown and ethically harvested."]'::jsonb,'{"unit": "cm", "measurements": [{"name": "Width (A)", "values": ["46", "51", "56", "61", "66", "71"]}, {"name": "Length (B)", "values": ["71", "74", "76", "79", "81", null]}, {"name": "Sleeve Center Back (D2)", "values": ["40", "44", "48", "51", "55", "60"]}], "sizes": ["S", "M", "L", "XL", "2XL", "3XL"]}'::jsonb,null,'{"Cotton"}','{"Screen Print","DTG","DTF","Embroidery"}',true,'local_stock');
insert into public.pricing_tiers (product_id,min_qty,base_price,sort_order) values ('393b0ad6-c633-451d-97da-dd860e9d3a48',20,8.45,1);
insert into public.product_colours (product_id,name,hex,images,sort_order) values ('393b0ad6-c633-451d-97da-dd860e9d3a48','Gallery',null,'["https://pub-fbec7c9199f04af8ab95a413a4620d37.r2.dev/suppliers/gildan/products/_variants/w400/h000/h000-black-01.webp", "https://pub-fbec7c9199f04af8ab95a413a4620d37.r2.dev/suppliers/gildan/products/_variants/w400/h000/h000-black-02.webp", "https://pub-fbec7c9199f04af8ab95a413a4620d37.r2.dev/suppliers/gildan/products/_variants/w400/h000/h000-black-front.webp"]'::jsonb,0);
insert into public.products (id,supplier,supplier_name,supplier_sku,supplier_code,name,slug,category,gender,brand,description,short_desc,seo_description,meta_description,meta_title,min_qty,setup_fee,shipping,margin,status,is_published,decoration_required,decoration_model,colours,specs,features,size_chart,size_pricing,material_tags,print_methods,is_eco,fulfillment) values ('278019a2-22e8-4e9b-a30b-866d937a3d44','Gildan Brands','Gildan','SF000','SF000','Gildan® Softstyle® SF000 Crewneck','gildan-softstyle-sf000-crewneck-sf000','Sweatshirts','Unisex','Gildan','Softstyle lightweight fleece crewneck sweatshirt in cotton-poly blend for easy layering.','Softstyle lightweight fleece crewneck sweatshirt in cotton-poly blend for easy layering.','Print your logo on the Gildan® Softstyle® SF000 Crewneck — 285 GSM. Screen Print/DTG/DTF/Embroidery from 20.','Custom printed Gildan® Softstyle® SF000 Crewneck by Gildan. 80% Ring Spun US Cotton / 20% Polyester. Screen Print/DTG/DTF/Embroidery, min 20. Fast Australia-wide.','Custom Printed Gildan® Softstyle® SF000 Crewneck | Gildan',20,0,30,1.4,'active',false,true,'calculator','[{"name": "Black", "hex": "#25282A", "image": "https://pub-fbec7c9199f04af8ab95a413a4620d37.r2.dev/suppliers/gildan/products/_variants/w400/sf000/sf000-black-front.webp"}, {"name": "Charcoal", "hex": "#63666A", "image": "https://pub-fbec7c9199f04af8ab95a413a4620d37.r2.dev/suppliers/gildan/products/_variants/w400/sf000/sf000-charcoal-front.webp"}, {"name": "Cocoa", "hex": "#6B3D2E", "image": "https://pub-fbec7c9199f04af8ab95a413a4620d37.r2.dev/suppliers/gildan/products/_variants/w400/sf000/sf000-cocoa-front.webp"}, {"name": "Dark Heather", "hex": "#425563", "image": "https://pub-fbec7c9199f04af8ab95a413a4620d37.r2.dev/suppliers/gildan/products/_variants/w400/sf000/sf000-darkheather-front.webp"}, {"name": "Military Green", "hex": "#5E7461", "image": "https://pub-fbec7c9199f04af8ab95a413a4620d37.r2.dev/suppliers/gildan/products/_variants/w400/sf000/sf000-military-green-front.webp"}, {"name": "Navy", "hex": "#202A44", "image": "https://pub-fbec7c9199f04af8ab95a413a4620d37.r2.dev/suppliers/gildan/products/_variants/w400/sf000/sf000-navy-front.webp"}, {"name": "Paragon", "hex": "#948794", "image": "https://pub-fbec7c9199f04af8ab95a413a4620d37.r2.dev/suppliers/gildan/products/_variants/w400/sf000/sf000-paragon-front.webp"}, {"name": "Pink Lemonade", "hex": "#F04E98", "image": "https://pub-fbec7c9199f04af8ab95a413a4620d37.r2.dev/suppliers/gildan/products/_variants/w400/sf000/sf000-pink-lemonade-front.webp"}, {"name": "Sand", "hex": "#C5B9AC", "image": "https://pub-fbec7c9199f04af8ab95a413a4620d37.r2.dev/suppliers/gildan/products/_variants/w400/sf000/sf000-sand-front.webp"}, {"name": "Sport Grey", "hex": "#97999B", "image": "https://pub-fbec7c9199f04af8ab95a413a4620d37.r2.dev/suppliers/gildan/products/_variants/w400/sf000/sf000-sportgrey-front.webp"}, {"name": "Stone Blue", "hex": "#7E93A7", "image": "https://pub-fbec7c9199f04af8ab95a413a4620d37.r2.dev/suppliers/gildan/products/_variants/w400/sf000/sf000-stoneblue-front.webp"}, {"name": "White", "hex": "#FFFFFF", "image": "https://pub-fbec7c9199f04af8ab95a413a4620d37.r2.dev/suppliers/gildan/products/_variants/w400/sf000/sf000-white-front.webp"}]'::jsonb,'{"composition": "80% Ring Spun US Cotton / 20% Polyester", "weight_gsm": "285", "fit": "Classic Fit"}'::jsonb,'["Ultra-soft fleece fabric for a comfortable feel", "Versatile fit for layering or everyday wear", "Ideal for customization—suitable for DTG, embroidery, screen printing, and heat transfer", "Durable construction with a range of colors to match any style"]'::jsonb,'{"unit": "cm", "measurements": [{"name": "Width (A)", "values": ["51", "56", "61", "66", "71", "76", "81"]}, {"name": "Length (B)", "values": ["71", "74", "76", "79", "81", "84", "86"]}, {"name": "Sleeve Center Back (D2)", "values": ["86", "89", "91", "94", "97", "99", "102"]}], "sizes": ["S", "M", "L", "XL", "2XL", "3XL", "4XL"]}'::jsonb,null,'{"Cotton","Polyester"}','{"Screen Print","DTG","DTF","Embroidery"}',false,'local_stock');
insert into public.pricing_tiers (product_id,min_qty,base_price,sort_order) values ('278019a2-22e8-4e9b-a30b-866d937a3d44',20,16.95,1);
insert into public.product_colours (product_id,name,hex,images,sort_order) values ('278019a2-22e8-4e9b-a30b-866d937a3d44','Gallery',null,'["https://pub-fbec7c9199f04af8ab95a413a4620d37.r2.dev/suppliers/gildan/products/_variants/w400/sf000/sf000-black-01.webp", "https://pub-fbec7c9199f04af8ab95a413a4620d37.r2.dev/suppliers/gildan/products/_variants/w400/sf000/sf000-black-02.webp", "https://pub-fbec7c9199f04af8ab95a413a4620d37.r2.dev/suppliers/gildan/products/_variants/w400/sf000/sf000-black-front.webp"]'::jsonb,0);
insert into public.products (id,supplier,supplier_name,supplier_sku,supplier_code,name,slug,category,gender,brand,description,short_desc,seo_description,meta_description,meta_title,min_qty,setup_fee,shipping,margin,status,is_published,decoration_required,decoration_model,colours,specs,features,size_chart,size_pricing,material_tags,print_methods,is_eco,fulfillment) values ('c1119c64-50b0-4d3d-bc2d-0961afad7a99','Gildan Brands','Gildan','SF500','SF500','Gildan® Softstyle® SF500 Hoodie','gildan-softstyle-sf500-hoodie-sf500','Hoodies','Unisex','Gildan','Softstyle midweight fleece pullover hoodie in cotton-poly blend with pouch pocket.','Softstyle midweight fleece pullover hoodie in cotton-poly blend with pouch pocket.','Print your logo on the Gildan® Softstyle® SF500 Hoodie — 285 GSM. Screen Print/DTG/DTF/Embroidery from 20.','Custom printed Gildan® Softstyle® SF500 Hoodie by Gildan. 80% Ring Spun US Cotton / 20% Polyester. Screen Print/DTG/DTF/Embroidery, min 20. Fast Australia-wide.','Custom Printed Gildan® Softstyle® SF500 Hoodie | Gildan',20,0,30,1.4,'active',false,true,'calculator','[{"name": "Black", "hex": "#25282A", "image": "https://pub-fbec7c9199f04af8ab95a413a4620d37.r2.dev/suppliers/gildan/products/_variants/w400/sf500/sf500-black-front.webp"}, {"name": "Charcoal", "hex": "#63666A", "image": "https://pub-fbec7c9199f04af8ab95a413a4620d37.r2.dev/suppliers/gildan/products/_variants/w400/sf500/sf500-charcoal-front.webp"}, {"name": "Cocoa", "hex": "#6B3D2E", "image": "https://pub-fbec7c9199f04af8ab95a413a4620d37.r2.dev/suppliers/gildan/products/_variants/w400/sf500/sf500-cocoa-front.webp"}, {"name": "Dark Heather", "hex": "#425563", "image": "https://pub-fbec7c9199f04af8ab95a413a4620d37.r2.dev/suppliers/gildan/products/_variants/w400/sf500/sf500-dark-heather-front.webp"}, {"name": "Light Pink", "hex": "#E4C6D4", "image": "https://pub-fbec7c9199f04af8ab95a413a4620d37.r2.dev/suppliers/gildan/products/_variants/w400/sf500/sf500-light-pink-front.webp"}, {"name": "Maroon", "hex": "#582D40", "image": "https://pub-fbec7c9199f04af8ab95a413a4620d37.r2.dev/suppliers/gildan/products/_variants/w400/sf500/sf500-maroon-front.webp"}, {"name": "Military Green", "hex": "#5E7461", "image": "https://pub-fbec7c9199f04af8ab95a413a4620d37.r2.dev/suppliers/gildan/products/_variants/w400/sf500/sf500-military-green-front.webp"}, {"name": "Navy", "hex": "#202A44", "image": "https://pub-fbec7c9199f04af8ab95a413a4620d37.r2.dev/suppliers/gildan/products/_variants/w400/sf500/sf500-navy-front.webp"}, {"name": "Off White", "hex": "#F5ECD2", "image": "https://pub-fbec7c9199f04af8ab95a413a4620d37.r2.dev/suppliers/gildan/products/_variants/w400/sf500/sf500-off-white-front.webp"}, {"name": "Paragon", "hex": "#948794", "image": "https://pub-fbec7c9199f04af8ab95a413a4620d37.r2.dev/suppliers/gildan/products/_variants/w400/sf500/sf500-paragon-front.webp"}, {"name": "Pink Lemonade", "hex": "#F04E98", "image": "https://pub-fbec7c9199f04af8ab95a413a4620d37.r2.dev/suppliers/gildan/products/_variants/w400/sf500/sf500-pink-lemonade-front.webp"}, {"name": "Red", "hex": "#D50032", "image": "https://pub-fbec7c9199f04af8ab95a413a4620d37.r2.dev/suppliers/gildan/products/_variants/w400/sf500/sf500-red-front.webp"}, {"name": "Royal", "hex": "#1D4F91", "image": "https://pub-fbec7c9199f04af8ab95a413a4620d37.r2.dev/suppliers/gildan/products/_variants/w400/sf500/sf500-royal-front.webp"}, {"name": "Sand", "hex": "#C5B9AC", "image": "https://pub-fbec7c9199f04af8ab95a413a4620d37.r2.dev/suppliers/gildan/products/_variants/w400/sf500/sf500-sand-front.webp"}, {"name": "Sport Grey", "hex": "#97999B", "image": "https://pub-fbec7c9199f04af8ab95a413a4620d37.r2.dev/suppliers/gildan/products/_variants/w400/sf500/sf500-sport-grey-front.webp"}, {"name": "Stone Blue", "hex": "#7E93A7", "image": "https://pub-fbec7c9199f04af8ab95a413a4620d37.r2.dev/suppliers/gildan/products/_variants/w400/sf500/sf500-stone-blue-front.webp"}, {"name": "White", "hex": "#FFFFFF", "image": "https://pub-fbec7c9199f04af8ab95a413a4620d37.r2.dev/suppliers/gildan/products/_variants/w400/sf500/sf500-white-front.webp"}, {"name": "Yellow Haze", "hex": "#F5E1A4", "image": "https://pub-fbec7c9199f04af8ab95a413a4620d37.r2.dev/suppliers/gildan/products/_variants/w400/sf500/sf500-yellow-haze-front.webp"}]'::jsonb,'{"composition": "80% Ring Spun US Cotton / 20% Polyester", "weight_gsm": "285", "fit": "Classic Fit"}'::jsonb,'["Fabric weight: 285g/m²", "Fabric composition: 80% ring spun cotton, 20% polyester", "100% of our fabric cutting scraps are recycled into fiber and used in new products", "1x1 rib with spandex cuffs and bottom band for enhanced stretch and recovery", "2-end ring spun cotton face fleece", "2-piece color matched jersey fabric lined hood with double-needle hem and topstitching on outside of hood seam", "0.95cm flat drawcords", "33% of the energy used to manufacture our products comes from renewable resources", "Classic fit tubular body", "Double-needle pouch pocket for added reinforcement", "Double-needle topstitching throughout", "Dropped shoulder", "Tear away label", "*Ring Spun Sport Grey - 75% Cotton, 25% Polyester", "*Dark Heather - 50% Cotton, 50% Polyester"]'::jsonb,'{"unit": "cm", "measurements": [{"name": "Width (A)", "values": ["51", "56", "61", "66", "71", "76", "81", "86"]}, {"name": "Length (B)", "values": ["71", "74", "76", "79", "81", "84", "86", "89"]}, {"name": "Sleeve Center Back (D2)", "values": ["86", "89", "91", "94", "97", "99", "102", "104"]}], "sizes": ["S", "M", "L", "XL", "2XL", "3XL", "4XL", "5XL"]}'::jsonb,null,'{"Cotton","Polyester"}','{"Screen Print","DTG","DTF","Embroidery"}',true,'local_stock');
insert into public.pricing_tiers (product_id,min_qty,base_price,sort_order) values ('c1119c64-50b0-4d3d-bc2d-0961afad7a99',20,19.6,1);
insert into public.product_colours (product_id,name,hex,images,sort_order) values ('c1119c64-50b0-4d3d-bc2d-0961afad7a99','Gallery',null,'["https://pub-fbec7c9199f04af8ab95a413a4620d37.r2.dev/suppliers/gildan/products/_variants/w400/sf500/sf500-black-01.webp", "https://pub-fbec7c9199f04af8ab95a413a4620d37.r2.dev/suppliers/gildan/products/_variants/w400/sf500/sf500-black-02.webp", "https://pub-fbec7c9199f04af8ab95a413a4620d37.r2.dev/suppliers/gildan/products/_variants/w400/sf500/sf500-black-front.webp"]'::jsonb,0);
insert into public.products (id,supplier,supplier_name,supplier_sku,supplier_code,name,slug,category,gender,brand,description,short_desc,seo_description,meta_description,meta_title,min_qty,setup_fee,shipping,margin,status,is_published,decoration_required,decoration_model,colours,specs,features,size_chart,size_pricing,material_tags,print_methods,is_eco,fulfillment) values ('3bf29495-6f0b-4d63-83d4-7865351cc2b9','Gildan Brands','Gildan','SF500B','SF500B','Gildan® Softstyle® SF500B Hoodie','gildan-softstyle-sf500b-hoodie-sf500b','Hoodies','Unisex','Gildan','Youth Softstyle midweight fleece pullover hoodie, same cotton-poly fleece as the SF500.','Youth Softstyle midweight fleece pullover hoodie, same cotton-poly fleece as the SF500.','Print your logo on the Gildan® Softstyle® SF500B Hoodie — 285 GSM. Screen Print/DTG/DTF/Embroidery from 20.','Custom printed Gildan® Softstyle® SF500B Hoodie by Gildan. 80% Ring Spun US Cotton / 20% Polyester. Screen Print/DTG/DTF/Embroidery, min 20. Fast Australia-wide.','Custom Printed Gildan® Softstyle® SF500B Hoodie | Gildan',20,0,30,1.4,'active',false,true,'calculator','[{"name": "Black", "hex": "#25282A", "image": "https://pub-fbec7c9199f04af8ab95a413a4620d37.r2.dev/suppliers/gildan/products/_variants/w400/sf500b/sf500b-black-front.webp"}, {"name": "Navy", "hex": "#202A44", "image": "https://pub-fbec7c9199f04af8ab95a413a4620d37.r2.dev/suppliers/gildan/products/_variants/w400/sf500b/sf500b-navy-front.webp"}, {"name": "Red", "hex": "#D50032", "image": "https://pub-fbec7c9199f04af8ab95a413a4620d37.r2.dev/suppliers/gildan/products/_variants/w400/sf500b/sf500b-red-front.webp"}, {"name": "Royal", "hex": "#1D4F91", "image": "https://pub-fbec7c9199f04af8ab95a413a4620d37.r2.dev/suppliers/gildan/products/_variants/w400/sf500b/sf500b-royal-front.webp"}, {"name": "Sport Grey", "hex": "#97999B", "image": "https://pub-fbec7c9199f04af8ab95a413a4620d37.r2.dev/suppliers/gildan/products/_variants/w400/sf500b/sf500b-sport-grey-front.webp"}, {"name": "White", "hex": "#FFFFFF", "image": "https://pub-fbec7c9199f04af8ab95a413a4620d37.r2.dev/suppliers/gildan/products/_variants/w400/sf500b/sf500b-white-front.webp"}]'::jsonb,'{"composition": "80% Ring Spun US Cotton / 20% Polyester", "weight_gsm": "285", "fit": "Classic Fit"}'::jsonb,'["100% of our fabric cutting scraps are recycled into fiber and used in new products", "33% of the energy used to manufacture our products comes from renewable resources", "Softstyle Midweight Fleece features a cozy, brushed interior and a 100% ring spun cotton face, ideal for a variety of cotton friendly decorating techniques", "1x1 rib with spandex cuffs and bottom band for enhanced stretch and recovery", "Jersey lined hood, no drawcords", "Pouch pocket", "Classic fit seamless body", "Double-needle pouch pocket for added reinforcement", "Double-needle topstitching throughout", "Recycled, high-performing black tear-away label", "CPSIA Tracking label compliant", "*Ring Spun Sport Grey - 75% Cotton, 25% Polyester"]'::jsonb,'{"unit": "cm", "measurements": [{"name": "Width (A)", "values": ["41", "43", "46", "48", "51"]}, {"name": "Length (B)", "values": ["51", "55", "58", "62", "66"]}, {"name": "Sleeve Center Back (D2)", "values": ["60", "67", "70", "77", "84"]}], "sizes": ["XS", "S", "M", "L", "XL"]}'::jsonb,null,'{"Cotton","Polyester"}','{"Screen Print","DTG","DTF","Embroidery"}',true,'local_stock');
insert into public.pricing_tiers (product_id,min_qty,base_price,sort_order) values ('3bf29495-6f0b-4d63-83d4-7865351cc2b9',20,14.95,1);
insert into public.product_colours (product_id,name,hex,images,sort_order) values ('3bf29495-6f0b-4d63-83d4-7865351cc2b9','Gallery',null,'["https://pub-fbec7c9199f04af8ab95a413a4620d37.r2.dev/suppliers/gildan/products/_variants/w400/sf500b/sf500b-black-01.webp", "https://pub-fbec7c9199f04af8ab95a413a4620d37.r2.dev/suppliers/gildan/products/_variants/w400/sf500b/sf500b-black-02.webp", "https://pub-fbec7c9199f04af8ab95a413a4620d37.r2.dev/suppliers/gildan/products/_variants/w400/sf500b/sf500b-black-front.webp"]'::jsonb,0);
insert into public.products (id,supplier,supplier_name,supplier_sku,supplier_code,name,slug,category,gender,brand,description,short_desc,seo_description,meta_description,meta_title,min_qty,setup_fee,shipping,margin,status,is_published,decoration_required,decoration_model,colours,specs,features,size_chart,size_pricing,material_tags,print_methods,is_eco,fulfillment) values ('b8f90771-6201-4e06-90ad-d36a09cb814b','Gildan Brands','Gildan','5400B','5400B','Gildan® Heavy Cotton® 5400B T-Shirt','gildan-heavy-cotton-5400b-t-shirt-5400b','T-Shirts','Unisex','Gildan','Youth long-sleeve Heavy Cotton tee, same midweight cotton fabric as the 5400.','Youth long-sleeve Heavy Cotton tee, same midweight cotton fabric as the 5400.','Print your logo on the Gildan® Heavy Cotton® 5400B T-Shirt — 180 GSM. Screen Print/DTG/DTF/Embroidery from 20.','Custom printed Gildan® Heavy Cotton® 5400B T-Shirt by Gildan. 100% US Cotton. Screen Print/DTG/DTF/Embroidery, min 20. Fast Australia-wide.','Custom Printed Gildan® Heavy Cotton® 5400B T-Shirt | Gildan',20,0,30,1.4,'active',false,true,'calculator','[]'::jsonb,'{"composition": "100% US Cotton", "weight_gsm": "180", "fit": "Classic Fit"}'::jsonb,'["100% US Cotton", "1.91cm rib collar", "Rib cuffs", "Classic fit tubular body", "Classic midweight fabric", "Double-needle bottom hem", "Tear away label", "CPSIA Tracking label compliant", "Taped neck and shoulders", "Proudly using 100% US Cotton that is sustainably grown and ethically harvested.", "100% of our fabric cutting scraps are recycled into fiber and used in new products", "33% of the energy used to manufacture our products comes from renewable resources"]'::jsonb,'{"unit": "cm", "measurements": [{"name": "Width (A)", "values": ["43", "46", "48", "51"]}, {"name": "Length (B)", "values": ["56", "60", "64", "67"]}, {"name": "Sleeve Center Back (D2)", "values": ["62", "67", "74", "79"]}], "sizes": ["S", "M", "L", "XL"]}'::jsonb,null,'{"Cotton"}','{"Screen Print","DTG","DTF","Embroidery"}',true,'local_stock');
insert into public.pricing_tiers (product_id,min_qty,base_price,sort_order) values ('b8f90771-6201-4e06-90ad-d36a09cb814b',20,8.95,1);
insert into public.product_colours (product_id,name,hex,images,sort_order) values ('b8f90771-6201-4e06-90ad-d36a09cb814b','Gallery',null,'["https://pub-fbec7c9199f04af8ab95a413a4620d37.r2.dev/suppliers/gildan/products/_variants/w400/5400b/5400b-black-01.webp", "https://pub-fbec7c9199f04af8ab95a413a4620d37.r2.dev/suppliers/gildan/products/_variants/w400/5400b/5400b-black-02.webp", "https://pub-fbec7c9199f04af8ab95a413a4620d37.r2.dev/suppliers/gildan/products/_variants/w400/5400b/5400b-black-01.webp"]'::jsonb,0);
commit;